2019-01-01 07:00,38,36
2019-01-01 08:00,29,33
2019-01-01 09:00,37,32
2019-01-01 10:00,20,35
2019-01-01 11:00,18,38
2019-01-01 12:00,12,42
2019-01-01 13:00,12,45
2019-01-01 14:00,23,40
2019-01-01 15:00,21,43
2019-01-01 16:00,23,50
2019-01-01 17:00,31,57
2019-01-01 18:00,34,51
2019-01-01 19:00,27,52
2019-01-01 20:00,24,52
2019-01-01 21:00,20,44
2019-01-01 22:00,12,38
2019-01-01 23:00,15,
2019-01-01 00:00,11,36
2019-01-02 01:00,7,35
2019-01-02 02:00,11,31
2019-01-02 03:00,6,30
2019-01-02 04:00,8,31
2019-01-02 05:00,7,32
2019-01-02 06:00,12,35
2019-01-02 07:00,16,36
2019-01-02 08:00,24,40
2019-01-02 09:00,24,41
2019-01-02 10:00,26,44
2019-01-02 11:00,27,45
2019-01-02 12:00,25,49
2019-01-02 13:00,,
2019-01-02 14:00,,
2019-01-02 15:00,,57
2019-01-02 16:00,37,70
2019-01-02 17:00,41,70
2019-01-02 18:00,38,71
2019-01-02 19:00,34,69
2019-01-02 20:00,40,57
2019-01-02 21:00,47,52
2019-01-02 22:00,49,46
2019-01-02 23:00,30,
2019-01-02 00:00,50,41
2019-01-03 01:00,42,37
2019-01-03 02:00,28,36
2019-01-03 03:00,20,35
2019-01-03 04:00,22,37
2019-01-03 05:00,31,31
2019-01-03 06:00,57,39
2019-01-03 07:00,88,50
2019-01-03 08:00,89,45
2019-01-03 09:00,90,44
2019-01-03 10:00,89,35
2019-01-03 11:00,84,46
2019-01-03 12:00,81,48
2019-01-03 13:00,72,49
2019-01-03 14:00,65,42
2019-01-03 15:00,52,42
2019-01-03 16:00,81,33
2019-01-03 17:00,94,29
2019-01-03 18:00,66,34
2019-01-03 19:00,62,44
2019-01-03 20:00,61,32
2019-01-03 21:00,67,30
2019-01-03 22:00,73,17
2019-01-03 23:00,59,
2019-01-03 00:00,50,15
2019-01-04 01:00,52,15
2019-01-04 02:00,,15
2019-01-04 03:00,38,13
2019-01-04 04:00,32,11
2019-01-04 05:00,36,
2019-01-04 06:00,54,12
2019-01-04 07:00,52,15
2019-01-04 08:00,67,16
2019-01-04 09:00,72,23
2019-01-04 10:00,67,37
2019-01-04 11:00,65,25
2019-01-04 12:00,53,24
2019-01-04 13:00,53,20
2019-01-04 14:00,47,15
2019-01-04 15:00,64,17
2019-01-04 16:00,61,21
2019-01-04 17:00,64,18
2019-01-04 18:00,67,17
2019-01-04 19:00,63,21
2019-01-04 20:00,48,18
2019-01-04 21:00,39,18
2019-01-04 22:00,32,15
2019-01-04 23:00,26,
2019-01-04 00:00,22,16
2019-01-05 01:00,23,23
2019-01-05 02:00,26,21
2019-01-05 03:00,22,13
2019-01-05 04:00,24,12
2019-01-05 05:00,20,13
2019-01-05 06:00,19,7
2019-01-05 07:00,25,8
2019-01-05 08:00,25,16
2019-01-05 09:00,27,37
2019-01-05 10:00,29,40
2019-01-05 11:00,49,49
2019-01-05 12:00,52,47
2019-01-05 13:00,48,47
2019-01-05 14:00,36,44
2019-01-05 15:00,31,47
2019-01-05 16:00,25,52
2019-01-05 17:00,25,55
2019-01-05 18:00,25,48
2019-01-05 19:00,23,52
2019-01-05 20:00,24,58
2019-01-05 21:00,22,54
2019-01-05 22:00,20,48
2019-01-05 23:00,17,
2019-01-05 00:00,14,43
2019-01-06 01:00,12,37
2019-01-06 02:00,12,35
2019-01-06 03:00,10,33
2019-01-06 04:00,9,33
2019-01-06 05:00,10,32
2019-01-06 06:00,9,32
2019-01-06 07:00,12,32
2019-01-06 08:00,10,30
2019-01-06 09:00,11,34
2019-01-06 10:00,13,37
2019-01-06 11:00,15,38
2019-01-06 12:00,14,37
2019-01-06 13:00,21,37
2019-01-06 14:00,22,38
2019-01-06 15:00,26,42
2019-01-06 16:00,25,47
2019-01-06 17:00,31,57
2019-01-06 18:00,39,56
2019-01-06 19:00,43,61
2019-01-06 20:00,42,54
2019-01-06 21:00,37,49
2019-01-06 22:00,26,41
2019-01-06 23:00,26,
2019-01-06 00:00,18,39
2019-01-07 01:00,24,32
2019-01-07 02:00,20,
2019-01-07 03:00,,31
2019-01-07 04:00,23,31
2019-01-07 05:00,29,34
2019-01-07 06:00,46,45
2019-01-07 07:00,55,61
2019-01-07 08:00,61,64
2019-01-07 09:00,70,75
2019-01-07 10:00,68,70
2019-01-07 11:00,59,70
2019-01-07 12:00,50,75
2019-01-07 13:00,56,75
2019-01-07 14:00,57,51
2019-01-07 15:00,47,27
2019-01-07 16:00,42,41
2019-01-07 17:00,56,78
2019-01-07 18:00,60,80
2019-01-07 19:00,60,70
2019-01-07 20:00,60,60
2019-01-07 21:00,50,58
2019-01-07 22:00,35,53
2019-01-07 23:00,37,
2019-01-07 00:00,30,48
2019-01-08 01:00,18,40
2019-01-08 02:00,19,39
2019-01-08 03:00,13,41
2019-01-08 04:00,13,36
2019-01-08 05:00,14,39
2019-01-08 06:00,23,47
2019-01-08 07:00,39,57
2019-01-08 08:00,50,61
2019-01-08 09:00,56,58
2019-01-08 10:00,59,59
2019-01-08 11:00,41,61
2019-01-08 12:00,30,59
2019-01-08 13:00,26,60
2019-01-08 14:00,23,65
2019-01-08 15:00,25,66
2019-01-08 16:00,29,71
2019-01-08 17:00,33,80
2019-01-08 18:00,25,73
2019-01-08 19:00,26,69
2019-01-08 20:00,18,62
2019-01-08 21:00,15,58
2019-01-08 22:00,11,53
2019-01-08 23:00,14,
2019-01-08 00:00,11,47
2019-01-09 01:00,9,43
2019-01-09 02:00,9,38
2019-01-09 03:00,7,38
2019-01-09 04:00,8,36
2019-01-09 05:00,9,39
2019-01-09 06:00,16,47
2019-01-09 07:00,23,56
2019-01-09 08:00,42,64
2019-01-09 09:00,58,67
2019-01-09 10:00,39,63
2019-01-09 11:00,36,62
2019-01-09 12:00,46,69
2019-01-09 13:00,37,67
2019-01-09 14:00,34,57
2019-01-09 15:00,38,55
2019-01-09 16:00,45,66
2019-01-09 17:00,52,67
2019-01-09 18:00,55,70
2019-01-09 19:00,61,74
2019-01-09 20:00,62,68
2019-01-09 21:00,39,57
2019-01-09 22:00,36,35
2019-01-09 23:00,31,
2019-01-09 00:00,20,33
2019-01-10 01:00,17,38
2019-01-10 02:00,15,42
2019-01-10 03:00,16,
2019-01-10 04:00,,15
2019-01-10 05:00,17,21
2019-01-10 06:00,32,27
2019-01-10 07:00,42,46
2019-01-10 08:00,51,59
2019-01-10 09:00,56,64
2019-01-10 10:00,59,66
2019-01-10 11:00,52,
2019-01-10 12:00,52,43
2019-01-10 13:00,47,26
2019-01-10 14:00,58,27
2019-01-10 15:00,61,29
2019-01-10 16:00,62,25
2019-01-10 17:00,65,32
2019-01-10 18:00,57,41
2019-01-10 19:00,52,44
2019-01-10 20:00,64,25
2019-01-10 21:00,49,26
2019-01-10 22:00,58,22
2019-01-10 23:00,57,
2019-01-10 00:00,60,23
2019-01-11 01:00,55,17
2019-01-11 02:00,32,16
2019-01-11 03:00,32,12
2019-01-11 04:00,46,15
2019-01-11 05:00,44,25
2019-01-11 06:00,58,33
2019-01-11 07:00,69,27
2019-01-11 08:00,76,27
2019-01-11 09:00,76,35
2019-01-11 10:00,70,44
2019-01-11 11:00,72,41
2019-01-11 12:00,76,45
2019-01-11 13:00,73,39
2019-01-11 14:00,72,56
2019-01-11 15:00,63,67
2019-01-11 16:00,65,62
2019-01-11 17:00,63,66
2019-01-11 18:00,61,78
2019-01-11 19:00,71,71
2019-01-11 20:00,68,70
2019-01-11 21:00,68,62
2019-01-11 22:00,68,63
2019-01-11 23:00,71,
2019-01-11 00:00,72,59
2019-01-12 01:00,66,52
2019-01-12 02:00,62,50
2019-01-12 03:00,59,48
2019-01-12 04:00,55,44
2019-01-12 05:00,54,41
2019-01-12 06:00,51,38
2019-01-12 07:00,25,36
2019-01-12 08:00,32,34
2019-01-12 09:00,47,36
2019-01-12 10:00,50,41
2019-01-12 11:00,48,41
2019-01-12 12:00,47,40
2019-01-12 13:00,49,35
2019-01-12 14:00,45,28
2019-01-12 15:00,51,34
2019-01-12 16:00,60,31
2019-01-12 17:00,68,48
2019-01-12 18:00,61,50
2019-01-12 19:00,44,36
2019-01-12 20:00,35,27
2019-01-12 21:00,29,27
2019-01-12 22:00,25,25
2019-01-12 23:00,31,
2019-01-12 00:00,27,31
2019-01-13 01:00,28,24
2019-01-13 02:00,29,23
2019-01-13 03:00,26,36
2019-01-13 04:00,26,
2019-01-13 05:00,,40
2019-01-13 06:00,22,48
2019-01-13 07:00,31,53
2019-01-13 08:00,26,59
2019-01-13 09:00,23,65
2019-01-13 10:00,23,64
2019-01-13 11:00,29,60
2019-01-13 12:00,28,63
2019-01-13 13:00,26,62
2019-01-13 14:00,36,44
2019-01-13 15:00,62,60
2019-01-13 16:00,48,69
2019-01-13 17:00,41,76
2019-01-13 18:00,43,77
2019-01-13 19:00,31,72
2019-01-13 20:00,23,62
2019-01-13 21:00,16,48
2019-01-13 22:00,12,43
2019-01-13 23:00,12,
2019-01-13 00:00,11,40
2019-01-14 01:00,7,39
2019-01-14 02:00,9,39
2019-01-14 03:00,11,38
2019-01-14 04:00,9,41
2019-01-14 05:00,7,46
2019-01-14 06:00,28,60
2019-01-14 07:00,39,64
2019-01-14 08:00,43,70
2019-01-14 09:00,49,85
2019-01-14 10:00,32,84
2019-01-14 11:00,27,75
2019-01-14 12:00,26,51
2019-01-14 13:00,25,48
2019-01-14 14:00,23,57
2019-01-14 15:00,30,61
2019-01-14 16:00,41,82
2019-01-14 17:00,54,88
2019-01-14 18:00,52,91
2019-01-14 19:00,46,79
2019-01-14 20:00,40,72
2019-01-14 21:00,25,65
2019-01-14 22:00,25,53
2019-01-14 23:00,25,
2019-01-14 00:00,21,41
2019-01-15 01:00,20,48
2019-01-15 02:00,18,37
2019-01-15 03:00,14,28
2019-01-15 04:00,13,51
2019-01-15 05:00,27,52
2019-01-15 06:00,48,59
2019-01-15 07:00,75,71
2019-01-15 08:00,73,79
2019-01-15 09:00,73,89
2019-01-15 10:00,65,84
2019-01-15 11:00,59,72
2019-01-15 12:00,47,74
2019-01-15 13:00,36,75
2019-01-15 14:00,40,
2019-01-15 15:00,40,
2019-01-15 16:00,54,
2019-01-15 17:00,58,65
2019-01-15 18:00,66,84
2019-01-15 19:00,55,96
2019-01-15 20:00,52,101
2019-01-15 21:00,47,76
2019-01-15 22:00,41,71
2019-01-15 23:00,42,
2019-01-15 00:00,43,62
2019-01-16 01:00,29,58
2019-01-16 02:00,,56
2019-01-16 03:00,21,50
2019-01-16 04:00,25,49
2019-01-16 05:00,45,
2019-01-16 06:00,61,62
2019-01-16 07:00,76,79
2019-01-16 08:00,83,84
2019-01-16 09:00,88,93
2019-01-16 10:00,78,91
2019-01-16 11:00,,79
2019-01-16 12:00,,76
2019-01-16 13:00,,77
2019-01-16 14:00,83,81
2019-01-16 15:00,81,80
2019-01-16 16:00,84,91
2019-01-16 17:00,85,104
2019-01-16 18:00,95,114
2019-01-16 19:00,97,99
2019-01-16 20:00,88,81
2019-01-16 21:00,83,66
2019-01-16 22:00,57,55
2019-01-16 23:00,47,
2019-01-16 00:00,46,55
2019-01-17 01:00,54,48
2019-01-17 02:00,50,43
2019-01-17 03:00,51,40
2019-01-17 04:00,57,38
2019-01-17 05:00,44,40
2019-01-17 06:00,48,49
2019-01-17 07:00,67,59
2019-01-17 08:00,57,63
2019-01-17 09:00,40,64
2019-01-17 10:00,39,65
2019-01-17 11:00,44,99
2019-01-17 12:00,37,95
2019-01-17 13:00,35,76
2019-01-17 14:00,41,72
2019-01-17 15:00,36,84
2019-01-17 16:00,42,76
2019-01-17 17:00,40,67
2019-01-17 18:00,36,49
2019-01-17 19:00,35,66
2019-01-17 20:00,33,56
2019-01-17 21:00,28,44
2019-01-17 22:00,22,40
2019-01-17 23:00,27,
2019-01-17 00:00,15,41
2019-01-18 01:00,14,28
2019-01-18 02:00,12,16
2019-01-18 03:00,9,11
2019-01-18 04:00,9,13
2019-01-18 05:00,21,27
2019-01-18 06:00,31,24
2019-01-18 07:00,38,35
2019-01-18 08:00,37,39
2019-01-18 09:00,75,58
2019-01-18 10:00,82,50
2019-01-18 11:00,71,39
2019-01-18 12:00,61,31
2019-01-18 13:00,82,19
2019-01-18 14:00,83,24
2019-01-18 15:00,88,29
2019-01-18 16:00,86,53
2019-01-18 17:00,93,32
2019-01-18 18:00,105,32
2019-01-18 19:00,119,43
2019-01-18 20:00,100,22
2019-01-18 21:00,91,26
2019-01-18 22:00,80,17
2019-01-18 23:00,80,
2019-01-18 00:00,74,19
2019-01-19 01:00,73,18
2019-01-19 02:00,71,
2019-01-19 03:00,,34
2019-01-19 04:00,58,29
2019-01-19 05:00,61,12
2019-01-19 06:00,64,13
2019-01-19 07:00,70,14
2019-01-19 08:00,75,12
2019-01-19 09:00,77,15
2019-01-19 10:00,72,26
2019-01-19 11:00,74,23
2019-01-19 12:00,68,27
2019-01-19 13:00,71,24
2019-01-19 14:00,78,23
2019-01-19 15:00,86,36
2019-01-19 16:00,76,30
2019-01-19 17:00,74,41
2019-01-19 18:00,74,54
2019-01-19 19:00,88,65
2019-01-19 20:00,78,58
2019-01-19 21:00,74,60
2019-01-19 22:00,70,55
2019-01-19 23:00,77,
2019-01-19 00:00,76,39
2019-01-20 01:00,68,36
2019-01-20 02:00,62,33
2019-01-20 03:00,58,36
2019-01-20 04:00,61,35
2019-01-20 05:00,57,42
2019-01-20 06:00,54,51
2019-01-20 07:00,52,54
2019-01-20 08:00,51,60
2019-01-20 09:00,55,68
2019-01-20 10:00,54,56
2019-01-20 11:00,58,59
2019-01-20 12:00,62,56
2019-01-20 13:00,62,59
2019-01-20 14:00,59,66
2019-01-20 15:00,61,62
2019-01-20 16:00,63,83
2019-01-20 17:00,59,86
2019-01-20 18:00,60,89
2019-01-20 19:00,60,83
2019-01-20 20:00,55,68
2019-01-20 21:00,53,62
2019-01-20 22:00,52,58
2019-01-20 23:00,50,
2019-01-20 00:00,44,46
2019-01-21 01:00,39,42
2019-01-21 02:00,38,39
2019-01-21 03:00,35,37
2019-01-21 04:00,40,36
2019-01-21 05:00,41,38
2019-01-21 06:00,54,46
2019-01-21 07:00,69,61
2019-01-21 08:00,74,71
2019-01-21 09:00,78,72
2019-01-21 10:00,76,73
2019-01-21 11:00,70,65
2019-01-21 12:00,71,56
2019-01-21 13:00,72,62
2019-01-21 14:00,61,59
2019-01-21 15:00,62,53
2019-01-21 16:00,77,50
2019-01-21 17:00,100,54
2019-01-21 18:00,96,59
2019-01-21 19:00,87,67
2019-01-21 20:00,80,59
2019-01-21 21:00,73,51
2019-01-21 22:00,72,46
2019-01-21 23:00,69,
2019-01-21 00:00,65,42
2019-01-22 01:00,62,39
2019-01-22 02:00,56,36
2019-01-22 03:00,57,
2019-01-22 04:00,,37
2019-01-22 05:00,58,39
2019-01-22 06:00,73,47
2019-01-22 07:00,91,56
2019-01-22 08:00,89,53
2019-01-22 09:00,93,52
2019-01-22 10:00,88,61
2019-01-22 11:00,87,62
2019-01-22 12:00,80,55
2019-01-22 13:00,80,53
2019-01-22 14:00,81,57
2019-01-22 15:00,87,46
2019-01-22 16:00,88,45
2019-01-22 17:00,95,60
2019-01-22 18:00,87,66
2019-01-22 19:00,83,66
2019-01-22 20:00,71,53
2019-01-22 21:00,66,48
2019-01-22 22:00,53,49
2019-01-22 23:00,50,
2019-01-22 00:00,40,42
2019-01-23 01:00,30,40
2019-01-23 02:00,28,40
2019-01-23 03:00,32,39
2019-01-23 04:00,30,39
2019-01-23 05:00,45,39
2019-01-23 06:00,72,46
2019-01-23 07:00,90,59
2019-01-23 08:00,98,63
2019-01-23 09:00,96,65
2019-01-23 10:00,94,61
2019-01-23 11:00,89,59
2019-01-23 12:00,88,55
2019-01-23 13:00,87,55
2019-01-23 14:00,78,63
2019-01-23 15:00,77,65
2019-01-23 16:00,71,69
2019-01-23 17:00,70,56
2019-01-23 18:00,72,61
2019-01-23 19:00,69,55
2019-01-23 20:00,52,52
2019-01-23 21:00,46,44
2019-01-23 22:00,38,41
2019-01-23 23:00,40,
2019-01-23 00:00,41,39
2019-01-24 01:00,32,39
2019-01-24 02:00,34,37
2019-01-24 03:00,30,39
2019-01-24 04:00,31,38
2019-01-24 05:00,37,39
2019-01-24 06:00,47,46
2019-01-24 07:00,62,58
2019-01-24 08:00,69,60
2019-01-24 09:00,65,60
2019-01-24 10:00,65,59
2019-01-24 11:00,56,57
2019-01-24 12:00,54,57
2019-01-24 13:00,47,66
2019-01-24 14:00,46,62
2019-01-24 15:00,57,65
2019-01-24 16:00,62,70
2019-01-24 17:00,71,75
2019-01-24 18:00,76,75
2019-01-24 19:00,82,75
2019-01-24 20:00,69,77
2019-01-24 21:00,64,59
2019-01-24 22:00,61,61
2019-01-24 23:00,58,
2019-01-24 00:00,56,62
2019-01-25 01:00,40,53
2019-01-25 02:00,33,49
2019-01-25 03:00,36,45
2019-01-25 04:00,37,
2019-01-25 05:00,,43
2019-01-25 06:00,45,47
2019-01-25 07:00,75,47
2019-01-25 08:00,83,53
2019-01-25 09:00,83,55
2019-01-25 10:00,80,55
2019-01-25 11:00,73,55
2019-01-25 12:00,65,55
2019-01-25 13:00,60,58
2019-01-25 14:00,51,59
2019-01-25 15:00,64,66
2019-01-25 16:00,73,78
2019-01-25 17:00,63,82
2019-01-25 18:00,64,79
2019-01-25 19:00,60,74
2019-01-25 20:00,57,79
2019-01-25 21:00,51,67
2019-01-25 22:00,43,63
2019-01-25 23:00,47,
2019-01-25 00:00,49,57
2019-01-26 01:00,29,52
2019-01-26 02:00,28,47
2019-01-26 03:00,24,43
2019-01-26 04:00,32,39
2019-01-26 05:00,48,34
2019-01-26 06:00,58,33
2019-01-26 07:00,72,32
2019-01-26 08:00,64,30
2019-01-26 09:00,71,31
2019-01-26 10:00,50,39
2019-01-26 11:00,42,42
2019-01-26 12:00,31,41
2019-01-26 13:00,30,44
2019-01-26 14:00,30,48
2019-01-26 15:00,29,49
2019-01-26 16:00,36,51
2019-01-26 17:00,57,54
2019-01-26 18:00,48,69
2019-01-26 19:00,52,55
2019-01-26 20:00,51,53
2019-01-26 21:00,51,56
2019-01-26 22:00,50,54
2019-01-26 23:00,51,
2019-01-26 00:00,44,47
2019-01-27 01:00,57,41
2019-01-27 02:00,45,43
2019-01-27 03:00,52,38
2019-01-27 04:00,54,43
2019-01-27 05:00,51,51
2019-01-27 06:00,30,52
2019-01-27 07:00,28,68
2019-01-27 08:00,25,70
2019-01-27 09:00,23,59
2019-01-27 10:00,29,55
2019-01-27 11:00,32,50
2019-01-27 12:00,30,54
2019-01-27 13:00,24,59
2019-01-27 14:00,26,60
2019-01-27 15:00,23,55
2019-01-27 16:00,36,65
2019-01-27 17:00,33,67
2019-01-27 18:00,41,71
2019-01-27 19:00,48,63
2019-01-27 20:00,44,30
2019-01-27 21:00,33,41
2019-01-27 22:00,19,21
2019-01-27 23:00,18,
2019-01-27 00:00,11,18
2019-01-28 01:00,16,12
2019-01-28 02:00,,10
2019-01-28 03:00,19,9
2019-01-28 04:00,33,10
2019-01-28 05:00,32,
2019-01-28 06:00,60,28
2019-01-28 07:00,67,40
2019-01-28 08:00,71,58
2019-01-28 09:00,61,52
2019-01-28 10:00,50,46
2019-01-28 11:00,45,25
2019-01-28 12:00,42,19
2019-01-28 13:00,37,26
2019-01-28 14:00,38,25
2019-01-28 15:00,47,22
2019-01-28 16:00,55,24
2019-01-28 17:00,49,30
2019-01-28 18:00,39,33
2019-01-28 19:00,36,25
2019-01-28 20:00,29,21
2019-01-28 21:00,24,25
2019-01-28 22:00,20,48
2019-01-28 23:00,21,
2019-01-28 00:00,19,33
2019-01-29 01:00,16,21
2019-01-29 02:00,14,12
2019-01-29 03:00,16,10
2019-01-29 04:00,14,4
2019-01-29 05:00,19,6
2019-01-29 06:00,62,20
2019-01-29 07:00,93,41
2019-01-29 08:00,89,39
2019-01-29 09:00,89,66
2019-01-29 10:00,92,68
2019-01-29 11:00,86,49
2019-01-29 12:00,80,44
2019-01-29 13:00,74,53
2019-01-29 14:00,75,36
2019-01-29 15:00,80,
2019-01-29 16:00,84,25
2019-01-29 17:00,98,40
2019-01-29 18:00,101,37
2019-01-29 19:00,98,42
2019-01-29 20:00,93,49
2019-01-29 21:00,79,28
2019-01-29 22:00,76,22
2019-01-29 23:00,70,
2019-01-29 00:00,70,30
2019-01-30 01:00,62,27
2019-01-30 02:00,56,18
2019-01-30 03:00,51,17
2019-01-30 04:00,43,24
2019-01-30 05:00,47,23
2019-01-30 06:00,69,36
2019-01-30 07:00,90,55
2019-01-30 08:00,101,64
2019-01-30 09:00,106,74
2019-01-30 10:00,97,75
2019-01-30 11:00,86,65
2019-01-30 12:00,62,58
2019-01-30 13:00,37,60
2019-01-30 14:00,40,66
2019-01-30 15:00,,58
2019-01-30 16:00,,79
2019-01-30 17:00,,80
2019-01-30 18:00,64,87
2019-01-30 19:00,51,77
2019-01-30 20:00,55,37
2019-01-30 21:00,54,30
2019-01-30 22:00,53,23
2019-01-30 23:00,64,
2019-01-30 00:00,70,22
2019-01-31 01:00,56,17
2019-01-31 02:00,61,
2019-01-31 03:00,,9
2019-01-31 04:00,63,14
2019-01-31 05:00,60,19
2019-01-31 06:00,84,26
2019-01-31 07:00,108,38
2019-01-31 08:00,102,39
2019-01-31 09:00,104,43
2019-01-31 10:00,92,51
2019-01-31 11:00,101,38
2019-01-31 12:00,89,28
2019-01-31 13:00,71,24
2019-01-31 14:00,72,23
2019-01-31 15:00,70,29
2019-01-31 16:00,75,29
2019-01-31 17:00,96,39
2019-01-31 18:00,101,47
2019-01-31 19:00,108,50
2019-01-31 20:00,97,49
2019-01-31 21:00,78,39
2019-01-31 22:00,72,30
2019-01-31 23:00,73,
2019-01-31 00:00,66,31
2019-02-01 01:00,61,39
2019-02-01 02:00,53,42
2019-02-01 03:00,50,43
2019-02-01 04:00,63,15
2019-02-01 05:00,71,19
2019-02-01 06:00,91,32
2019-02-01 07:00,113,46
2019-02-01 08:00,118,48
2019-02-01 09:00,127,46
2019-02-01 10:00,120,53
2019-02-01 11:00,120,28
2019-02-01 12:00,113,17
2019-02-01 13:00,104,16
2019-02-01 14:00,96,16
2019-02-01 15:00,96,17
2019-02-01 16:00,90,25
2019-02-01 17:00,95,28
2019-02-01 18:00,90,29
2019-02-01 19:00,81,27
2019-02-01 20:00,79,16
2019-02-01 21:00,71,34
2019-02-01 22:00,72,44
2019-02-01 23:00,70,
2019-02-01 00:00,64,14
2019-02-02 01:00,64,23
2019-02-02 02:00,58,14
2019-02-02 03:00,58,17
2019-02-02 04:00,59,29
2019-02-02 05:00,57,26
2019-02-02 06:00,61,31
2019-02-02 07:00,63,23
2019-02-02 08:00,67,11
2019-02-02 09:00,68,15
2019-02-02 10:00,68,18
2019-02-02 11:00,69,15
2019-02-02 12:00,64,14
2019-02-02 13:00,70,12
2019-02-02 14:00,70,12
2019-02-02 15:00,72,16
2019-02-02 16:00,68,15
2019-02-02 17:00,53,19
2019-02-02 18:00,55,14
2019-02-02 19:00,67,12
2019-02-02 20:00,69,19
2019-02-02 21:00,70,15
2019-02-02 22:00,70,8
2019-02-02 23:00,61,
2019-02-02 00:00,58,28
2019-02-03 01:00,51,10
2019-02-03 02:00,45,5
2019-02-03 03:00,44,
2019-02-03 04:00,,14
2019-02-03 05:00,41,24
2019-02-03 06:00,35,54
2019-02-03 07:00,30,40
2019-02-03 08:00,21,56
2019-02-03 09:00,19,52
2019-02-03 10:00,20,53
2019-02-03 11:00,24,50
2019-02-03 12:00,21,33
2019-02-03 13:00,27,30
2019-02-03 14:00,24,38
2019-02-03 15:00,22,47
2019-02-03 16:00,30,55
2019-02-03 17:00,30,47
2019-02-03 18:00,44,40
2019-02-03 19:00,36,36
2019-02-03 20:00,35,37
2019-02-03 21:00,40,47
2019-02-03 22:00,37,53
2019-02-03 23:00,30,
2019-02-03 00:00,27,18
2019-02-04 01:00,25,4
2019-02-04 02:00,28,3
2019-02-04 03:00,37,3
2019-02-04 04:00,44,3
2019-02-04 05:00,56,4
2019-02-04 06:00,75,7
2019-02-04 07:00,89,18
2019-02-04 08:00,98,26
2019-02-04 09:00,102,30
2019-02-04 10:00,91,28
2019-02-04 11:00,88,32
2019-02-04 12:00,79,26
2019-02-04 13:00,77,18
2019-02-04 14:00,76,15
2019-02-04 15:00,78,16
2019-02-04 16:00,92,20
2019-02-04 17:00,96,22
2019-02-04 18:00,98,30
2019-02-04 19:00,90,38
2019-02-04 20:00,85,29
2019-02-04 21:00,71,18
2019-02-04 22:00,68,15
2019-02-04 23:00,69,
2019-02-04 00:00,58,11
2019-02-05 01:00,47,9
2019-02-05 02:00,40,9
2019-02-05 03:00,41,10
2019-02-05 04:00,47,8
2019-02-05 05:00,51,9
2019-02-05 06:00,75,15
2019-02-05 07:00,90,28
2019-02-05 08:00,98,35
2019-02-05 09:00,99,36
2019-02-05 10:00,97,42
2019-02-05 11:00,93,33
2019-02-05 12:00,87,38
2019-02-05 13:00,79,35
2019-02-05 14:00,88,36
2019-02-05 15:00,92,30
2019-02-05 16:00,103,38
2019-02-05 17:00,118,44
2019-02-05 18:00,121,58
2019-02-05 19:00,124,74
2019-02-05 20:00,116,72
2019-02-05 21:00,101,64
2019-02-05 22:00,99,61
2019-02-05 23:00,93,
2019-02-05 00:00,85,59
2019-02-06 01:00,70,54
2019-02-06 02:00,60,49
2019-02-06 03:00,59,47
2019-02-06 04:00,57,
2019-02-06 05:00,,47
2019-02-06 06:00,71,53
2019-02-06 07:00,93,61
2019-02-06 08:00,94,65
2019-02-06 09:00,99,66
2019-02-06 10:00,102,65
2019-02-06 11:00,94,60
2019-02-06 12:00,89,64
2019-02-06 13:00,92,68
2019-02-06 14:00,93,70
2019-02-06 15:00,96,78
2019-02-06 16:00,109,65
2019-02-06 17:00,132,75
2019-02-06 18:00,137,97
2019-02-06 19:00,137,100
2019-02-06 20:00,123,80
2019-02-06 21:00,105,70
2019-02-06 22:00,89,66
2019-02-06 23:00,87,
2019-02-06 00:00,83,61
2019-02-07 01:00,74,59
2019-02-07 02:00,68,52
2019-02-07 03:00,63,48
2019-02-07 04:00,63,47
2019-02-07 05:00,65,49
2019-02-07 06:00,78,58
2019-02-07 07:00,96,68
2019-02-07 08:00,100,74
2019-02-07 09:00,99,71
2019-02-07 10:00,101,77
2019-02-07 11:00,101,74
2019-02-07 12:00,97,68
2019-02-07 13:00,101,72
2019-02-07 14:00,101,65
2019-02-07 15:00,104,71
2019-02-07 16:00,105,72
2019-02-07 17:00,70,80
2019-02-07 18:00,103,84
2019-02-07 19:00,99,80
2019-02-07 20:00,75,67
2019-02-07 21:00,74,53
2019-02-07 22:00,66,55
2019-02-07 23:00,56,
2019-02-07 00:00,48,52
2019-02-08 01:00,32,50
2019-02-08 02:00,32,48
2019-02-08 03:00,35,46
2019-02-08 04:00,36,47
2019-02-08 05:00,44,45
2019-02-08 06:00,64,46
2019-02-08 07:00,81,51
2019-02-08 08:00,103,55
2019-02-08 09:00,107,57
2019-02-08 10:00,98,53
2019-02-08 11:00,76,56
2019-02-08 12:00,63,59
2019-02-08 13:00,47,64
2019-02-08 14:00,52,56
2019-02-08 15:00,62,69
2019-02-08 16:00,84,70
2019-02-08 17:00,93,74
2019-02-08 18:00,100,90
2019-02-08 19:00,95,86
2019-02-08 20:00,95,72
2019-02-08 21:00,91,72
2019-02-08 22:00,97,67
2019-02-08 23:00,89,
2019-02-08 00:00,83,63
2019-02-09 01:00,76,58
2019-02-09 02:00,,54
2019-02-09 03:00,65,51
2019-02-09 04:00,22,46
2019-02-09 05:00,20,
2019-02-09 06:00,11,43
2019-02-09 07:00,12,42
2019-02-09 08:00,17,43
2019-02-09 09:00,30,44
2019-02-09 10:00,23,19
2019-02-09 11:00,18,23
2019-02-09 12:00,19,20
2019-02-09 13:00,18,16
2019-02-09 14:00,19,22
2019-02-09 15:00,20,24
2019-02-09 16:00,22,25
2019-02-09 17:00,31,36
2019-02-09 18:00,42,35
2019-02-09 19:00,50,25
2019-02-09 20:00,47,22
2019-02-09 21:00,66,17
2019-02-09 22:00,81,13
2019-02-09 23:00,88,
2019-02-09 00:00,89,21
2019-02-10 01:00,87,4
2019-02-10 02:00,79,7
2019-02-10 03:00,72,6
2019-02-10 04:00,65,5
2019-02-10 05:00,54,3
2019-02-10 06:00,58,6
2019-02-10 07:00,55,9
2019-02-10 08:00,51,12
2019-02-10 09:00,66,11
2019-02-10 10:00,65,11
2019-02-10 11:00,70,11
2019-02-10 12:00,30,9
2019-02-10 13:00,21,8
2019-02-10 14:00,13,8
2019-02-10 15:00,15,11
2019-02-10 16:00,26,16
2019-02-10 17:00,22,22
2019-02-10 18:00,23,21
2019-02-10 19:00,11,33
2019-02-10 20:00,13,15
2019-02-10 21:00,13,12
2019-02-10 22:00,13,10
2019-02-10 23:00,12,
2019-02-10 00:00,22,15
2019-02-11 01:00,15,5
2019-02-11 02:00,8,3
2019-02-11 03:00,7,3
2019-02-11 04:00,10,4
2019-02-11 05:00,8,4
2019-02-11 06:00,15,8
2019-02-11 07:00,23,17
2019-02-11 08:00,29,16
2019-02-11 09:00,29,28
2019-02-11 10:00,31,26
2019-02-11 11:00,27,30
2019-02-11 12:00,28,21
2019-02-11 13:00,22,19
2019-02-11 14:00,26,11
2019-02-11 15:00,22,17
2019-02-11 16:00,33,33
2019-02-11 17:00,40,25
2019-02-11 18:00,30,30
2019-02-11 19:00,39,36
2019-02-11 20:00,29,23
2019-02-11 21:00,23,11
2019-02-11 22:00,15,15
2019-02-11 23:00,19,
2019-02-11 00:00,16,6
2019-02-12 01:00,16,4
2019-02-12 02:00,18,
2019-02-12 03:00,,4
2019-02-12 04:00,17,6
2019-02-12 05:00,21,18
2019-02-12 06:00,40,25
2019-02-12 07:00,50,34
2019-02-12 08:00,66,36
2019-02-12 09:00,71,
2019-02-12 10:00,52,
2019-02-12 11:00,43,
2019-02-12 12:00,44,22
2019-02-12 13:00,36,17
2019-02-12 14:00,39,18
2019-02-12 15:00,40,30
2019-02-12 16:00,50,32
2019-02-12 17:00,58,34
2019-02-12 18:00,68,39
2019-02-12 19:00,79,44
2019-02-12 20:00,87,37
2019-02-12 21:00,78,36
2019-02-12 22:00,74,31
2019-02-12 23:00,81,
2019-02-12 00:00,75,25
2019-02-13 01:00,68,23
2019-02-13 02:00,65,20
2019-02-13 03:00,62,28
2019-02-13 04:00,58,34
2019-02-13 05:00,60,38
2019-02-13 06:00,73,53
2019-02-13 07:00,92,73
2019-02-13 08:00,94,85
2019-02-13 09:00,97,89
2019-02-13 10:00,98,85
2019-02-13 11:00,91,76
2019-02-13 12:00,85,69
2019-02-13 13:00,83,67
2019-02-13 14:00,83,81
2019-02-13 15:00,91,80
2019-02-13 16:00,97,43
2019-02-13 17:00,112,47
2019-02-13 18:00,138,31
2019-02-13 19:00,150,41
2019-02-13 20:00,134,30
2019-02-13 21:00,106,20
2019-02-13 22:00,97,15
2019-02-13 23:00,94,
2019-02-13 00:00,89,22
2019-02-14 01:00,79,9
2019-02-14 02:00,71,6
2019-02-14 03:00,68,6
2019-02-14 04:00,63,7
2019-02-14 05:00,63,6
2019-02-14 06:00,76,16
2019-02-14 07:00,89,42
2019-02-14 08:00,98,37
2019-02-14 09:00,109,40
2019-02-14 10:00,102,54
2019-02-14 11:00,90,55
2019-02-14 12:00,,32
2019-02-14 13:00,,26
2019-02-14 14:00,101,30
2019-02-14 15:00,100,30
2019-02-14 16:00,128,32
2019-02-14 17:00,146,33
2019-02-14 18:00,147,39
2019-02-14 19:00,129,62
2019-02-14 20:00,127,65
2019-02-14 21:00,116,61
2019-02-14 22:00,105,58
2019-02-14 23:00,96,
2019-02-14 00:00,91,48
2019-02-15 01:00,83,50
2019-02-15 02:00,76,48
2019-02-15 03:00,67,
2019-02-15 04:00,,39
2019-02-15 05:00,64,45
2019-02-15 06:00,76,49
2019-02-15 07:00,93,48
2019-02-15 08:00,110,54
2019-02-15 09:00,117,49
2019-02-15 10:00,111,50
2019-02-15 11:00,102,50
2019-02-15 12:00,101,47
2019-02-15 13:00,98,39
2019-02-15 14:00,98,43
2019-02-15 15:00,100,57
2019-02-15 16:00,110,57
2019-02-15 17:00,119,58
2019-02-15 18:00,118,86
2019-02-15 19:00,130,77
2019-02-15 20:00,122,73
2019-02-15 21:00,112,64
2019-02-15 22:00,100,60
2019-02-15 23:00,104,
2019-02-15 00:00,97,49
2019-02-16 01:00,91,55
2019-02-16 02:00,80,49
2019-02-16 03:00,72,48
2019-02-16 04:00,68,44
2019-02-16 05:00,66,44
2019-02-16 06:00,71,48
2019-02-16 07:00,75,40
2019-02-16 08:00,75,41
2019-02-16 09:00,76,48
2019-02-16 10:00,78,53
2019-02-16 11:00,80,53
2019-02-16 12:00,74,42
2019-02-16 13:00,73,51
2019-02-16 14:00,77,44
2019-02-16 15:00,99,29
2019-02-16 16:00,107,20
2019-02-16 17:00,121,33
2019-02-16 18:00,153,48
2019-02-16 19:00,129,53
2019-02-16 20:00,113,51
2019-02-16 21:00,115,31
2019-02-16 22:00,103,33
2019-02-16 23:00,102,
2019-02-16 00:00,94,66
2019-02-17 01:00,92,46
2019-02-17 02:00,81,28
2019-02-17 03:00,72,12
2019-02-17 04:00,66,11
2019-02-17 05:00,65,4
2019-02-17 06:00,60,7
2019-02-17 07:00,54,27
2019-02-17 08:00,55,85
2019-02-17 09:00,61,93
2019-02-17 10:00,61,91
2019-02-17 11:00,55,85
2019-02-17 12:00,57,87
2019-02-17 13:00,57,65
2019-02-17 14:00,67,62
2019-02-17 15:00,78,58
2019-02-17 16:00,82,93
2019-02-17 17:00,107,85
2019-02-17 18:00,135,45
2019-02-17 19:00,124,77
2019-02-17 20:00,104,63
2019-02-17 21:00,104,64
2019-02-17 22:00,100,38
2019-02-17 23:00,103,
2019-02-17 00:00,87,10
2019-02-18 01:00,77,11
2019-02-18 02:00,71,30
2019-02-18 03:00,63,28
2019-02-18 04:00,58,
2019-02-18 05:00,,15
2019-02-18 06:00,78,32
2019-02-18 07:00,92,47
2019-02-18 08:00,99,59
2019-02-18 09:00,103,64
2019-02-18 10:00,103,45
2019-02-18 11:00,94,23
2019-02-18 12:00,85,22
2019-02-18 13:00,92,20
2019-02-18 14:00,94,19
2019-02-18 15:00,95,20
2019-02-18 16:00,117,23
2019-02-18 17:00,133,34
2019-02-18 18:00,154,35
2019-02-18 19:00,136,46
2019-02-18 20:00,118,35
2019-02-18 21:00,108,24
2019-02-18 22:00,104,18
2019-02-18 23:00,112,
2019-02-18 00:00,95,13
2019-02-19 01:00,83,17
2019-02-19 02:00,74,9
2019-02-19 03:00,71,11
2019-02-19 04:00,68,13
2019-02-19 05:00,69,12
2019-02-19 06:00,86,23
2019-02-19 07:00,120,40
2019-02-19 08:00,129,29
2019-02-19 09:00,117,25
2019-02-19 10:00,117,21
2019-02-19 11:00,112,
2019-02-19 12:00,115,
2019-02-19 13:00,98,18
2019-02-19 14:00,66,17
2019-02-19 15:00,52,24
2019-02-19 16:00,56,22
2019-02-19 17:00,50,25
2019-02-19 18:00,60,32
2019-02-19 19:00,69,55
2019-02-19 20:00,88,59
2019-02-19 21:00,89,48
2019-02-19 22:00,81,41
2019-02-19 23:00,84,
2019-02-19 00:00,78,26
2019-02-20 01:00,68,14
2019-02-20 02:00,62,13
2019-02-20 03:00,55,15
2019-02-20 04:00,52,18
2019-02-20 05:00,57,22
2019-02-20 06:00,66,41
2019-02-20 07:00,83,58
2019-02-20 08:00,100,70
2019-02-20 09:00,89,63
2019-02-20 10:00,88,50
2019-02-20 11:00,88,37
2019-02-20 12:00,94,29
2019-02-20 13:00,91,44
2019-02-20 14:00,61,58
2019-02-20 15:00,66,52
2019-02-20 16:00,57,50
2019-02-20 17:00,102,44
2019-02-20 18:00,119,46
2019-02-20 19:00,124,81
2019-02-20 20:00,113,88
2019-02-20 21:00,100,70
2019-02-20 22:00,90,65
2019-02-20 23:00,88,
2019-02-20 00:00,85,31
2019-02-21 01:00,73,5
2019-02-21 02:00,,3
2019-02-21 03:00,64,2
2019-02-21 04:00,60,3
2019-02-21 05:00,59,
2019-02-21 06:00,71,16
2019-02-21 07:00,84,30
2019-02-21 08:00,87,61
2019-02-21 09:00,90,68
2019-02-21 10:00,92,37
2019-02-21 11:00,88,21
2019-02-21 12:00,86,22
2019-02-21 13:00,97,26
2019-02-21 14:00,95,26
2019-02-21 15:00,83,26
2019-02-21 16:00,56,23
2019-02-21 17:00,80,25
2019-02-21 18:00,110,37
2019-02-21 19:00,146,60
2019-02-21 20:00,121,64
2019-02-21 21:00,109,57
2019-02-21 22:00,100,46
2019-02-21 23:00,98,
2019-02-21 00:00,76,43
2019-02-22 01:00,34,44
2019-02-22 02:00,32,32
2019-02-22 03:00,16,30
2019-02-22 04:00,13,21
2019-02-22 05:00,23,30
2019-02-22 06:00,28,38
2019-02-22 07:00,64,45
2019-02-22 08:00,65,53
2019-02-22 09:00,60,55
2019-02-22 10:00,52,62
2019-02-22 11:00,50,44
2019-02-22 12:00,48,57
2019-02-22 13:00,66,54
2019-02-22 14:00,62,32
2019-02-22 15:00,63,30
2019-02-22 16:00,61,40
2019-02-22 17:00,77,40
2019-02-22 18:00,83,44
2019-02-22 19:00,104,40
2019-02-22 20:00,99,36
2019-02-22 21:00,96,22
2019-02-22 22:00,83,21
2019-02-22 23:00,78,
2019-02-22 00:00,64,9
2019-02-23 01:00,52,8
2019-02-23 02:00,40,14
2019-02-23 03:00,35,14
2019-02-23 04:00,29,14
2019-02-23 05:00,30,13
2019-02-23 06:00,41,12
2019-02-23 07:00,53,12
2019-02-23 08:00,63,7
2019-02-23 09:00,57,7
2019-02-23 10:00,60,7
2019-02-23 11:00,58,6
2019-02-23 12:00,52,7
2019-02-23 13:00,58,7
2019-02-23 14:00,69,9
2019-02-23 15:00,78,13
2019-02-23 16:00,75,7
2019-02-23 17:00,94,9
2019-02-23 18:00,109,9
2019-02-23 19:00,95,10
2019-02-23 20:00,84,7
2019-02-23 21:00,94,8
2019-02-23 22:00,77,5
2019-02-23 23:00,77,
2019-02-23 00:00,75,2
2019-02-24 01:00,74,4
2019-02-24 02:00,78,
2019-02-24 03:00,,5
2019-02-24 04:00,69,5
2019-02-24 05:00,54,18
2019-02-24 06:00,66,47
2019-02-24 07:00,61,71
2019-02-24 08:00,65,76
2019-02-24 09:00,63,72
2019-02-24 10:00,59,70
2019-02-24 11:00,52,64
2019-02-24 12:00,50,66
2019-02-24 13:00,59,64
2019-02-24 14:00,52,66
2019-02-24 15:00,43,43
2019-02-24 16:00,56,27
2019-02-24 17:00,55,32
2019-02-24 18:00,93,30
2019-02-24 19:00,108,19
2019-02-24 20:00,99,17
2019-02-24 21:00,96,24
2019-02-24 22:00,101,34
2019-02-24 23:00,98,
2019-02-24 00:00,96,20
2019-02-25 01:00,80,34
2019-02-25 02:00,78,36
2019-02-25 03:00,70,39
2019-02-25 04:00,68,30
2019-02-25 05:00,66,34
2019-02-25 06:00,82,36
2019-02-25 07:00,104,50
2019-02-25 08:00,109,36
2019-02-25 09:00,113,51
2019-02-25 10:00,113,36
2019-02-25 11:00,102,30
2019-02-25 12:00,102,33
2019-02-25 13:00,87,26
2019-02-25 14:00,87,27
2019-02-25 15:00,91,29
2019-02-25 16:00,100,26
2019-02-25 17:00,114,32
2019-02-25 18:00,130,56
2019-02-25 19:00,144,48
2019-02-25 20:00,119,25
2019-02-25 21:00,111,19
2019-02-25 22:00,96,12
2019-02-25 23:00,93,
2019-02-25 00:00,90,24
2019-02-26 01:00,76,13
2019-02-26 02:00,65,5
2019-02-26 03:00,60,5
2019-02-26 04:00,56,5
2019-02-26 05:00,64,6
2019-02-26 06:00,70,15
2019-02-26 07:00,87,45
2019-02-26 08:00,96,53
2019-02-26 09:00,99,82
2019-02-26 10:00,110,46
2019-02-26 11:00,93,29
2019-02-26 12:00,92,16
2019-02-26 13:00,96,16
2019-02-26 14:00,88,17
2019-02-26 15:00,77,18
2019-02-26 16:00,83,18
2019-02-26 17:00,113,27
2019-02-26 18:00,113,28
2019-02-26 19:00,128,28
2019-02-26 20:00,113,28
2019-02-26 21:00,101,20
2019-02-26 22:00,93,13
2019-02-26 23:00,93,
2019-02-26 00:00,84,20
2019-02-27 01:00,83,17
2019-02-27 02:00,74,12
2019-02-27 03:00,65,
2019-02-27 04:00,,15
2019-02-27 05:00,59,15
2019-02-27 06:00,73,25
2019-02-27 07:00,83,38
2019-02-27 08:00,97,50
2019-02-27 09:00,97,60
2019-02-27 10:00,96,64
2019-02-27 11:00,90,53
2019-02-27 12:00,,52
2019-02-27 13:00,95,68
2019-02-27 14:00,94,77
2019-02-27 15:00,93,97
2019-02-27 16:00,97,103
2019-02-27 17:00,122,92
2019-02-27 18:00,154,78
2019-02-27 19:00,145,38
2019-02-27 20:00,121,9
2019-02-27 21:00,122,10
2019-02-27 22:00,105,9
2019-02-27 23:00,101,
2019-02-27 00:00,99,13
2019-02-28 01:00,87,13
2019-02-28 02:00,79,11
2019-02-28 03:00,69,7
2019-02-28 04:00,65,6
2019-02-28 05:00,69,10
2019-02-28 06:00,85,16
2019-02-28 07:00,101,43
2019-02-28 08:00,112,59
2019-02-28 09:00,132,58
2019-02-28 10:00,115,50
2019-02-28 11:00,98,34
2019-02-28 12:00,52,22
2019-02-28 13:00,27,35
2019-02-28 14:00,26,32
2019-02-28 15:00,20,56
2019-02-28 16:00,24,47
2019-02-28 17:00,33,64
2019-02-28 18:00,32,65
2019-02-28 19:00,25,99
2019-02-28 20:00,20,81
2019-02-28 21:00,15,59
2019-02-28 22:00,26,54
2019-02-28 23:00,23,
2019-02-28 00:00,23,58
2019-03-01 01:00,11,51
2019-03-01 02:00,24,48
2019-03-01 03:00,15,36
2019-03-01 04:00,18,38
2019-03-01 05:00,22,38
2019-03-01 06:00,55,48
2019-03-01 07:00,89,54
2019-03-01 08:00,66,59
2019-03-01 09:00,96,56
2019-03-01 10:00,88,57
2019-03-01 11:00,75,58
2019-03-01 12:00,63,24
2019-03-01 13:00,55,27
2019-03-01 14:00,47,25
2019-03-01 15:00,52,34
2019-03-01 16:00,36,33
2019-03-01 17:00,42,21
2019-03-01 18:00,42,34
2019-03-01 19:00,53,30
2019-03-01 20:00,45,15
2019-03-01 21:00,31,30
2019-03-01 22:00,23,30
2019-03-01 23:00,29,
2019-03-01 00:00,22,28
2019-03-02 01:00,30,26
2019-03-02 02:00,25,25
2019-03-02 03:00,22,22
2019-03-02 04:00,19,
2019-03-02 05:00,,19
2019-03-02 06:00,25,12
2019-03-02 07:00,37,12
2019-03-02 08:00,61,14
2019-03-02 09:00,51,32
2019-03-02 10:00,45,12
2019-03-02 11:00,37,7
2019-03-02 12:00,36,7
2019-03-02 13:00,50,9
2019-03-02 14:00,36,8
2019-03-02 15:00,31,19
2019-03-02 16:00,36,19
2019-03-02 17:00,39,25
2019-03-02 18:00,40,59
2019-03-02 19:00,48,70
2019-03-02 20:00,46,45
2019-03-02 21:00,34,19
2019-03-02 22:00,31,13
2019-03-02 23:00,26,
2019-03-02 00:00,23,12
2019-03-03 01:00,28,3
2019-03-03 02:00,23,14
2019-03-03 03:00,23,15
2019-03-03 04:00,20,17
2019-03-03 05:00,22,44
2019-03-03 06:00,24,61
2019-03-03 07:00,34,83
2019-03-03 08:00,39,94
2019-03-03 09:00,31,93
2019-03-03 10:00,26,80
2019-03-03 11:00,20,73
2019-03-03 12:00,19,65
2019-03-03 13:00,24,67
2019-03-03 14:00,25,71
2019-03-03 15:00,30,75
2019-03-03 16:00,28,86
2019-03-03 17:00,28,88
2019-03-03 18:00,41,90
2019-03-03 19:00,54,84
2019-03-03 20:00,58,73
2019-03-03 21:00,83,60
2019-03-03 22:00,67,40
2019-03-03 23:00,77,
2019-03-04 00:00,24,20
2019-03-05 01:00,27,18
2019-03-05 02:00,,10
2019-03-05 03:00,14,9
2019-03-05 04:00,13,7
2019-03-05 05:00,14,7
2019-03-05 06:00,36,13
2019-03-05 07:00,62,26
2019-03-05 08:00,64,40
2019-03-05 09:00,55,40
2019-03-05 10:00,43,22
2019-03-05 11:00,23,22
2019-03-05 12:00,22,22
2019-03-05 13:00,20,29
2019-03-05 14:00,20,33
2019-03-05 15:00,24,42
2019-03-05 16:00,36,40
2019-03-05 17:00,46,45
2019-03-05 18:00,57,63
2019-03-05 19:00,57,46
2019-03-05 20:00,58,62
2019-03-05 21:00,58,58
2019-03-05 22:00,44,50
2019-03-05 23:00,56,
2019-03-05 00:00,53,54
2019-03-06 01:00,48,43
2019-03-06 02:00,47,38
2019-03-06 03:00,45,31
2019-03-06 04:00,43,35
2019-03-06 05:00,53,
2019-03-06 06:00,71,37
2019-03-06 07:00,96,50
2019-03-06 08:00,105,69
2019-03-06 09:00,109,56
2019-03-06 10:00,99,46
2019-03-06 11:00,95,41
2019-03-06 12:00,91,38
2019-03-06 13:00,91,34
2019-03-06 14:00,84,41
2019-03-06 15:00,85,42
2019-03-06 16:00,116,49
2019-03-06 17:00,106,59
2019-03-06 18:00,105,81
2019-03-06 19:00,109,87
2019-03-06 20:00,106,86
2019-03-06 21:00,97,72
2019-03-06 22:00,95,63
2019-03-06 23:00,90,
2019-03-06 00:00,80,62
2019-03-07 01:00,72,55
2019-03-07 02:00,69,54
2019-03-07 03:00,63,51
2019-03-07 04:00,61,52
2019-03-07 05:00,63,57
2019-03-07 06:00,56,65
2019-03-07 07:00,54,76
2019-03-07 08:00,40,81
2019-03-07 09:00,45,79
2019-03-07 10:00,54,67
2019-03-07 11:00,54,62
2019-03-07 12:00,36,65
2019-03-07 13:00,30,75
2019-03-07 14:00,25,82
2019-03-07 15:00,39,86
2019-03-07 16:00,44,95
2019-03-07 17:00,48,86
2019-03-07 18:00,56,87
2019-03-07 19:00,41,75
2019-03-07 20:00,29,44
2019-03-07 21:00,21,40
2019-03-07 22:00,37,31
2019-03-07 23:00,27,
2019-03-07 00:00,24,21
2019-03-08 01:00,15,11
2019-03-08 02:00,13,8
2019-03-08 03:00,,8
2019-03-08 04:00,12,8
2019-03-08 05:00,11,10
2019-03-08 06:00,30,16
2019-03-08 07:00,65,23
2019-03-08 08:00,94,29
2019-03-08 09:00,67,24
2019-03-08 10:00,43,24
2019-03-08 11:00,38,20
2019-03-08 12:00,23,18
2019-03-08 13:00,20,23
2019-03-08 14:00,21,31
2019-03-08 15:00,24,37
2019-03-08 16:00,33,33
2019-03-08 17:00,29,38
2019-03-08 18:00,39,31
2019-03-08 19:00,83,31
2019-03-08 20:00,101,30
2019-03-08 21:00,97,28
2019-03-08 22:00,89,28
2019-03-08 23:00,70,
2019-03-08 00:00,73,19
2019-03-09 01:00,47,13
2019-03-09 02:00,35,
2019-03-09 03:00,30,11
2019-03-09 04:00,19,12
2019-03-09 05:00,19,11
2019-03-09 06:00,16,14
2019-03-09 07:00,10,16
2019-03-09 08:00,13,24
2019-03-09 09:00,17,25
2019-03-09 10:00,17,21
2019-03-09 11:00,19,14
2019-03-09 12:00,25,13
2019-03-09 13:00,28,18
2019-03-09 14:00,22,17
2019-03-09 15:00,35,24
2019-03-09 16:00,31,15
2019-03-09 17:00,19,19
2019-03-09 18:00,17,30
2019-03-09 19:00,19,52
2019-03-09 20:00,19,52
2019-03-09 21:00,20,48
2019-03-09 22:00,15,37
2019-03-09 23:00,22,
2019-03-09 00:00,19,39
2019-03-10 01:00,25,33
2019-03-10 02:00,26,30
2019-03-10 03:00,19,25
2019-03-10 04:00,19,25
2019-03-10 05:00,17,20
2019-03-10 06:00,43,24
2019-03-10 07:00,42,20
2019-03-10 08:00,25,19
2019-03-10 09:00,26,12
2019-03-10 10:00,15,15
2019-03-10 11:00,16,15
2019-03-10 12:00,15,14
2019-03-10 13:00,10,26
2019-03-10 14:00,6,23
2019-03-10 15:00,6,22
2019-03-10 16:00,8,26
2019-03-10 17:00,10,31
2019-03-10 18:00,12,35
2019-03-10 19:00,11,58
2019-03-10 20:00,12,44
2019-03-10 21:00,10,40
2019-03-10 22:00,9,40
2019-03-10 23:00,11,
2019-03-10 00:00,11,26
2019-03-11 01:00,8,28
2019-03-11 02:00,6,24
2019-03-11 03:00,10,26
2019-03-11 04:00,,17
2019-03-11 05:00,24,24
2019-03-11 06:00,23,17
2019-03-11 07:00,30,37
2019-03-11 08:00,25,49
2019-03-11 09:00,25,47
2019-03-11 10:00,32,51
2019-03-11 11:00,26,39
2019-03-11 12:00,19,30
2019-03-11 13:00,26,24
2019-03-11 14:00,17,43
2019-03-11 15:00,22,31
2019-03-11 16:00,22,25
2019-03-11 17:00,24,34
2019-03-11 18:00,34,35
2019-03-11 19:00,39,35
2019-03-11 20:00,31,45
2019-03-11 21:00,32,34
2019-03-11 22:00,23,28
2019-03-11 23:00,25,
2019-03-11 00:00,15,29
2019-03-12 01:00,10,17
2019-03-12 02:00,10,14
2019-03-12 03:00,20,
2019-03-12 04:00,22,12
2019-03-12 05:00,38,12
2019-03-12 06:00,68,30
2019-03-12 07:00,79,36
2019-03-12 08:00,81,46
2019-03-12 09:00,75,44
2019-03-12 10:00,74,38
2019-03-12 11:00,64,39
2019-03-12 12:00,53,38
2019-03-12 13:00,54,45
2019-03-12 14:00,57,41
2019-03-12 15:00,65,42
2019-03-12 16:00,68,50
2019-03-12 17:00,84,40
2019-03-12 18:00,97,41
2019-03-12 19:00,101,30
2019-03-12 20:00,74,19
2019-03-12 21:00,50,12
2019-03-12 22:00,42,9
2019-03-12 23:00,54,
2019-03-12 00:00,29,8
2019-03-13 01:00,11,5
2019-03-13 02:00,5,4
2019-03-13 03:00,5,4
2019-03-13 04:00,5,5
2019-03-13 05:00,13,8
2019-03-13 06:00,25,13
2019-03-13 07:00,48,25
2019-03-13 08:00,45,36
2019-03-13 09:00,49,38
2019-03-13 10:00,35,
2019-03-13 11:00,,
2019-03-13 12:00,,15
2019-03-13 13:00,,12
2019-03-13 14:00,32,11
2019-03-13 15:00,34,10
2019-03-13 16:00,40,15
2019-03-13 17:00,26,19
2019-03-13 18:00,26,24
2019-03-13 19:00,28,19
2019-03-13 20:00,25,23
2019-03-13 21:00,21,29
2019-03-13 22:00,22,23
2019-03-13 23:00,25,
2019-03-13 00:00,11,24
2019-03-14 01:00,9,19
2019-03-14 02:00,7,16
2019-03-14 03:00,10,19
2019-03-14 04:00,8,18
2019-03-14 05:00,,23
2019-03-14 06:00,43,38
2019-03-14 07:00,59,43
2019-03-14 08:00,74,71
2019-03-14 09:00,64,50
2019-03-14 10:00,55,17
2019-03-14 11:00,53,15
2019-03-14 12:00,54,16
2019-03-14 13:00,40,15
2019-03-14 14:00,59,17
2019-03-14 15:00,35,24
2019-03-14 16:00,28,34
2019-03-14 17:00,25,29
2019-03-14 18:00,26,39
2019-03-14 19:00,27,61
2019-03-14 20:00,29,56
2019-03-14 21:00,38,23
2019-03-14 22:00,34,7
2019-03-14 23:00,32,
2019-03-14 00:00,29,13
2019-03-15 01:00,14,17
2019-03-15 02:00,16,14
2019-03-15 03:00,17,11
2019-03-15 04:00,19,
2019-03-15 05:00,31,7
2019-03-15 06:00,60,15
2019-03-15 07:00,81,25
2019-03-15 08:00,94,33
2019-03-15 09:00,98,29
2019-03-15 10:00,91,16
2019-03-15 11:00,69,14
2019-03-15 12:00,71,13
2019-03-15 13:00,53,18
2019-03-15 14:00,30,20
2019-03-15 15:00,33,16
2019-03-15 16:00,23,18
2019-03-15 17:00,20,18
2019-03-15 18:00,21,15
2019-03-15 19:00,24,26
2019-03-15 20:00,17,39
2019-03-15 21:00,15,44
2019-03-15 22:00,13,52
2019-03-15 23:00,14,
2019-03-15 00:00,12,49
2019-03-16 01:00,16,45
2019-03-16 02:00,11,46
2019-03-16 03:00,13,48
2019-03-16 04:00,9,48
2019-03-16 05:00,9,50
2019-03-16 06:00,12,52
2019-03-16 07:00,13,48
2019-03-16 08:00,15,49
2019-03-16 09:00,18,45
2019-03-16 10:00,17,45
2019-03-16 11:00,20,44
2019-03-16 12:00,39,45
2019-03-16 13:00,21,41
2019-03-16 14:00,15,33
2019-03-16 15:00,26,43
2019-03-16 16:00,16,19
2019-03-16 17:00,19,48
2019-03-16 18:00,42,51
2019-03-16 19:00,96,56
2019-03-16 20:00,106,57
2019-03-16 21:00,93,60
2019-03-16 22:00,83,53
2019-03-16 23:00,26,
2019-03-16 00:00,50,54
2019-03-17 01:00,44,53
2019-03-17 02:00,,50
2019-03-17 03:00,71,45
2019-03-17 04:00,65,41
2019-03-17 05:00,68,38
2019-03-17 06:00,60,37
2019-03-17 07:00,67,36
2019-03-17 08:00,69,34
2019-03-17 09:00,64,35
2019-03-17 10:00,14,26
2019-03-17 11:00,9,26
2019-03-17 12:00,11,26
2019-03-17 13:00,12,30
2019-03-17 14:00,9,30
2019-03-17 15:00,10,36
2019-03-17 16:00,12,33
2019-03-17 17:00,17,41
2019-03-17 18:00,36,57
2019-03-17 19:00,39,69
2019-03-17 20:00,23,62
2019-03-17 21:00,27,60
2019-03-17 22:00,24,63
2019-03-17 23:00,15,
2019-03-17 00:00,28,58
2019-03-18 01:00,22,55
2019-03-18 02:00,25,52
2019-03-18 03:00,23,48
2019-03-18 04:00,17,45
2019-03-18 05:00,32,
2019-03-18 06:00,56,54
2019-03-18 07:00,69,67
2019-03-18 08:00,87,74
2019-03-18 09:00,83,64
2019-03-18 10:00,70,65
2019-03-18 11:00,35,58
2019-03-18 12:00,26,62
2019-03-18 13:00,25,61
2019-03-18 14:00,36,60
2019-03-18 15:00,36,61
2019-03-18 16:00,41,49
2019-03-18 17:00,63,47
2019-03-18 18:00,52,55
2019-03-18 19:00,44,61
2019-03-18 20:00,91,70
2019-03-18 21:00,62,65
2019-03-18 22:00,67,57
2019-03-18 23:00,79,
2019-03-18 00:00,73,61
2019-03-19 01:00,71,54
2019-03-19 02:00,64,52
2019-03-19 03:00,59,52
2019-03-19 04:00,55,52
2019-03-19 05:00,59,52
2019-03-19 06:00,67,57
2019-03-19 07:00,84,66
2019-03-19 08:00,90,71
2019-03-19 09:00,80,65
2019-03-19 10:00,84,64
2019-03-19 11:00,66,60
2019-03-19 12:00,62,42
2019-03-19 13:00,58,30
2019-03-19 14:00,51,30
2019-03-19 15:00,48,31
2019-03-19 16:00,63,38
2019-03-19 17:00,63,30
2019-03-19 18:00,73,46
2019-03-19 19:00,105,56
2019-03-19 20:00,101,61
2019-03-19 21:00,101,59
2019-03-19 22:00,98,51
2019-03-19 23:00,93,
2019-03-19 00:00,85,46
2019-03-20 01:00,83,45
2019-03-20 02:00,74,43
2019-03-20 03:00,,38
2019-03-20 04:00,65,39
2019-03-20 05:00,65,36
2019-03-20 06:00,73,47
2019-03-20 07:00,90,55
2019-03-20 08:00,98,59
2019-03-20 09:00,97,55
2019-03-20 10:00,88,50
2019-03-20 11:00,90,53
2019-03-20 12:00,85,53
2019-03-20 13:00,66,50
2019-03-20 14:00,,45
2019-03-20 15:00,66,47
2019-03-20 16:00,90,53
2019-03-20 17:00,91,62
2019-03-20 18:00,82,50
2019-03-20 19:00,95,42
2019-03-20 20:00,113,71
2019-03-20 21:00,105,55
2019-03-20 22:00,101,56
2019-03-20 23:00,97,
2019-03-20 00:00,91,43
2019-03-21 01:00,83,35
2019-03-21 02:00,76,
2019-03-21 03:00,66,35
2019-03-21 04:00,68,31
2019-03-21 05:00,70,33
2019-03-21 06:00,74,45
2019-03-21 07:00,95,58
2019-03-21 08:00,97,59
2019-03-21 09:00,93,56
2019-03-21 10:00,94,55
2019-03-21 11:00,87,56
2019-03-21 12:00,85,56
2019-03-21 13:00,76,59
2019-03-21 14:00,88,48
2019-03-21 15:00,86,57
2019-03-21 16:00,95,59
2019-03-21 17:00,110,71
2019-03-21 18:00,122,60
2019-03-21 19:00,128,61
2019-03-21 20:00,122,60
2019-03-21 21:00,119,58
2019-03-21 22:00,111,55
2019-03-21 23:00,104,
2019-03-21 00:00,92,49
2019-03-22 01:00,84,37
2019-03-22 02:00,74,30
2019-03-22 03:00,69,33
2019-03-22 04:00,65,33
2019-03-22 05:00,67,37
2019-03-22 06:00,78,44
2019-03-22 07:00,97,59
2019-03-22 08:00,103,65
2019-03-22 09:00,99,60
2019-03-22 10:00,95,47
2019-03-22 11:00,98,40
2019-03-22 12:00,87,41
2019-03-22 13:00,73,40
2019-03-22 14:00,75,29
2019-03-22 15:00,86,27
2019-03-22 16:00,101,31
2019-03-22 17:00,111,36
2019-03-22 18:00,112,43
2019-03-22 19:00,128,39
2019-03-22 20:00,120,48
2019-03-22 21:00,111,29
2019-03-22 22:00,99,19
2019-03-22 23:00,98,
2019-03-22 00:00,97,14
2019-03-23 01:00,90,11
2019-03-23 02:00,88,8
2019-03-23 03:00,80,8
2019-03-23 04:00,,8
2019-03-23 05:00,73,8
2019-03-23 06:00,69,11
2019-03-23 07:00,72,16
2019-03-23 08:00,76,20
2019-03-23 09:00,69,25
2019-03-23 10:00,65,28
2019-03-23 11:00,72,26
2019-03-23 12:00,72,33
2019-03-23 13:00,49,31
2019-03-23 14:00,59,27
2019-03-23 15:00,35,30
2019-03-23 16:00,41,26
2019-03-23 17:00,64,25
2019-03-23 18:00,79,27
2019-03-23 19:00,129,29
2019-03-23 20:00,137,27
2019-03-23 21:00,144,27
2019-03-23 22:00,116,15
2019-03-23 23:00,79,
2019-03-23 00:00,74,10
2019-03-24 01:00,65,8
2019-03-24 02:00,70,6
2019-03-24 03:00,62,
2019-03-24 04:00,60,5
2019-03-24 05:00,54,4
2019-03-24 06:00,58,6
2019-03-24 07:00,57,8
2019-03-24 08:00,53,8
2019-03-24 09:00,51,8
2019-03-24 10:00,53,9
2019-03-24 11:00,56,11
2019-03-24 12:00,50,11
2019-03-24 13:00,30,13
2019-03-24 14:00,26,14
2019-03-24 15:00,22,18
2019-03-24 16:00,20,18
2019-03-24 17:00,22,20
2019-03-24 18:00,30,21
2019-03-24 19:00,46,20
2019-03-24 20:00,45,19
2019-03-24 21:00,44,17
2019-03-24 22:00,28,17
2019-03-24 23:00,31,
2019-03-24 00:00,27,13
2019-03-25 01:00,28,10
2019-03-25 02:00,16,7
2019-03-25 03:00,28,9
2019-03-25 04:00,22,9
2019-03-25 05:00,24,13
2019-03-25 06:00,41,33
2019-03-25 07:00,71,58
2019-03-25 08:00,73,67
2019-03-25 09:00,52,62
2019-03-25 10:00,41,52
2019-03-25 11:00,22,53
2019-03-25 12:00,23,46
2019-03-25 13:00,23,39
2019-03-25 14:00,30,43
2019-03-25 15:00,45,44
2019-03-25 16:00,30,47
2019-03-25 17:00,36,61
2019-03-25 18:00,45,57
2019-03-25 19:00,101,46
2019-03-25 20:00,86,36
2019-03-25 21:00,44,41
2019-03-25 22:00,16,35
2019-03-25 23:00,14,
2019-03-25 00:00,15,28
2019-03-26 01:00,14,22
2019-03-26 02:00,12,20
2019-03-26 03:00,13,23
2019-03-26 04:00,19,20
2019-03-26 05:00,,29
2019-03-26 06:00,60,53
2019-03-26 07:00,72,73
2019-03-26 08:00,83,73
2019-03-26 09:00,71,58
2019-03-26 10:00,75,48
2019-03-26 11:00,67,42
2019-03-26 12:00,54,40
2019-03-26 13:00,47,42
2019-03-26 14:00,39,43
2019-03-26 15:00,40,46
2019-03-26 16:00,33,46
2019-03-26 17:00,48,55
2019-03-26 18:00,45,53
2019-03-26 19:00,50,55
2019-03-26 20:00,64,53
2019-03-26 21:00,54,59
2019-03-26 22:00,56,46
2019-03-26 23:00,57,
2019-03-26 00:00,46,33
2019-03-27 01:00,25,25
2019-03-27 02:00,22,22
2019-03-27 03:00,27,28
2019-03-27 04:00,29,
2019-03-27 05:00,42,24
2019-03-27 06:00,70,66
2019-03-27 07:00,82,84
2019-03-27 08:00,80,83
2019-03-27 09:00,69,62
2019-03-27 10:00,82,58
2019-03-27 11:00,85,48
2019-03-27 12:00,,43
2019-03-27 13:00,,46
2019-03-27 14:00,50,46
2019-03-27 15:00,84,44
2019-03-27 16:00,67,43
2019-03-27 17:00,96,49
2019-03-27 18:00,109,58
2019-03-27 19:00,82,44
2019-03-27 20:00,79,34
2019-03-27 21:00,87,30
2019-03-27 22:00,78,24
2019-03-27 23:00,85,
2019-03-27 00:00,84,15
2019-03-28 01:00,77,12
2019-03-28 02:00,68,13
2019-03-28 03:00,70,15
2019-03-28 04:00,68,14
2019-03-28 05:00,63,23
2019-03-28 06:00,69,54
2019-03-28 07:00,89,76
2019-03-28 08:00,98,74
2019-03-28 09:00,96,58
2019-03-28 10:00,92,42
2019-03-28 11:00,83,37
2019-03-28 12:00,62,42
2019-03-28 13:00,57,38
2019-03-28 14:00,80,49
2019-03-28 15:00,84,47
2019-03-28 16:00,89,49
2019-03-28 17:00,102,51
2019-03-28 18:00,91,54
2019-03-28 19:00,87,38
2019-03-28 20:00,89,36
2019-03-28 21:00,79,30
2019-03-28 22:00,70,27
2019-03-28 23:00,73,
2019-03-28 00:00,55,33
2019-03-29 01:00,41,25
2019-03-29 02:00,,27
2019-03-29 03:00,40,32
2019-03-29 04:00,39,24
2019-03-29 05:00,52,44
2019-03-29 06:00,67,58
2019-03-29 07:00,79,74
2019-03-29 08:00,80,73
2019-03-29 09:00,67,57
2019-03-29 10:00,66,53
2019-03-29 11:00,72,44
2019-03-29 12:00,68,43
2019-03-29 13:00,71,39
2019-03-29 14:00,74,39
2019-03-29 15:00,83,29
2019-03-29 16:00,83,42
2019-03-29 17:00,80,52
2019-03-29 18:00,89,51
2019-03-29 19:00,104,54
2019-03-29 20:00,106,63
2019-03-29 21:00,97,64
2019-03-29 22:00,92,60
2019-03-29 23:00,90,
2019-03-29 00:00,89,51
2019-03-30 01:00,78,44
2019-03-30 02:00,74,44
2019-03-30 03:00,69,41
2019-03-30 04:00,64,41
2019-03-30 05:00,63,
2019-03-30 06:00,68,44
2019-03-30 07:00,67,46
2019-03-30 08:00,63,45
2019-03-30 09:00,52,47
2019-03-30 10:00,59,41
2019-03-30 11:00,64,37
2019-03-30 12:00,71,27
2019-03-30 13:00,66,23
2019-03-30 14:00,59,22
2019-03-30 15:00,56,31
2019-03-30 16:00,56,24
2019-03-30 17:00,72,21
2019-03-30 18:00,65,19
2019-03-30 19:00,134,38
2019-03-30 20:00,129,72
2019-03-30 21:00,125,57
2019-03-30 22:00,121,53
2019-03-30 23:00,112,
2019-03-30 00:00,115,31
2019-03-31 01:00,105,20
2019-03-31 02:00,96,12
2019-03-31 03:00,90,12
2019-03-31 04:00,78,10
2019-03-31 05:00,71,9
2019-03-31 06:00,68,11
2019-03-31 07:00,66,8
2019-03-31 08:00,64,6
2019-03-31 09:00,59,6
2019-03-31 10:00,60,8
2019-03-31 11:00,64,7
2019-03-31 12:00,53,9
2019-03-31 13:00,50,10
2019-03-31 14:00,39,14
2019-03-31 15:00,42,19
2019-03-31 16:00,43,21
2019-03-31 17:00,44,18
2019-03-31 18:00,69,13
2019-03-31 19:00,86,20
2019-03-31 20:00,102,22
2019-03-31 21:00,89,13
2019-03-31 22:00,74,10
2019-03-31 23:00,89,
2019-03-31 00:00,60,8
2019-04-01 01:00,29,7
2019-04-01 02:00,36,4
2019-04-01 03:00,,4
2019-04-01 04:00,26,8
2019-04-01 05:00,53,18
2019-04-01 06:00,85,34
2019-04-01 07:00,93,47
2019-04-01 08:00,78,54
2019-04-01 09:00,73,45
2019-04-01 10:00,65,43
2019-04-01 11:00,56,33
2019-04-01 12:00,50,29
2019-04-01 13:00,70,31
2019-04-01 14:00,66,33
2019-04-01 15:00,89,28
2019-04-01 16:00,88,37
2019-04-01 17:00,90,34
2019-04-01 18:00,98,30
2019-04-01 19:00,97,31
2019-04-01 20:00,92,45
2019-04-01 21:00,92,50
2019-04-01 22:00,95,48
2019-04-01 23:00,91,
2019-04-01 00:00,85,42
2019-04-02 01:00,71,36
2019-04-02 02:00,62,
2019-04-02 03:00,68,48
2019-04-02 04:00,64,46
2019-04-02 05:00,80,54
2019-04-02 06:00,94,66
2019-04-02 07:00,103,68
2019-04-02 08:00,99,60
2019-04-02 09:00,97,59
2019-04-02 10:00,92,49
2019-04-02 11:00,93,44
2019-04-02 12:00,98,30
2019-04-02 13:00,71,44
2019-04-02 14:00,50,35
2019-04-02 15:00,54,43
2019-04-02 16:00,100,53
2019-04-02 17:00,80,48
2019-04-02 18:00,84,38
2019-04-02 19:00,44,29
2019-04-02 20:00,35,37
2019-04-02 21:00,29,38
2019-04-02 22:00,31,35
2019-04-02 23:00,30,
2019-04-02 00:00,23,28
2019-04-03 01:00,17,23
2019-04-03 02:00,24,29
2019-04-03 03:00,19,29
2019-04-03 04:00,34,33
2019-04-03 05:00,39,54
2019-04-03 06:00,91,74
2019-04-03 07:00,109,77
2019-04-03 08:00,113,72
2019-04-03 09:00,108,59
2019-04-03 10:00,91,53
2019-04-03 11:00,74,43
2019-04-03 12:00,74,34
2019-04-03 13:00,73,35
2019-04-03 14:00,53,45
2019-04-03 15:00,32,43
2019-04-03 16:00,28,51
2019-04-03 17:00,25,40
2019-04-03 18:00,33,37
2019-04-03 19:00,37,38
2019-04-03 20:00,47,51
2019-04-03 21:00,29,54
2019-04-03 22:00,24,52
2019-04-03 23:00,24,
2019-04-03 00:00,19,43
2019-04-04 01:00,23,41
2019-04-04 02:00,28,43
2019-04-04 03:00,24,43
2019-04-04 04:00,,50
2019-04-04 05:00,64,60
2019-04-04 06:00,74,73
2019-04-04 07:00,85,76
2019-04-04 08:00,55,72
2019-04-04 09:00,53,64
2019-04-04 10:00,52,62
2019-04-04 11:00,44,61
2019-04-04 12:00,51,54
2019-04-04 13:00,51,49
2019-04-04 14:00,38,34
2019-04-04 15:00,37,31
2019-04-04 16:00,55,26
2019-04-04 17:00,48,31
2019-04-04 18:00,44,28
2019-04-04 19:00,35,38
2019-04-04 20:00,31,51
2019-04-04 21:00,32,53
2019-04-04 22:00,35,51
2019-04-04 23:00,24,
2019-04-04 00:00,18,19
2019-04-05 01:00,16,12
2019-04-05 02:00,16,14
2019-04-05 03:00,22,
2019-04-05 04:00,21,31
2019-04-05 05:00,65,49
2019-04-05 06:00,86,76
2019-04-05 07:00,92,88
2019-04-05 08:00,98,80
2019-04-05 09:00,92,64
2019-04-05 10:00,97,27
2019-04-05 11:00,84,31
2019-04-05 12:00,77,27
2019-04-05 13:00,83,25
2019-04-05 14:00,90,22
2019-04-05 15:00,88,24
2019-04-05 16:00,82,19
2019-04-05 17:00,91,16
2019-04-05 18:00,91,20
2019-04-05 19:00,89,15
2019-04-05 20:00,67,32
2019-04-05 21:00,71,25
2019-04-05 22:00,70,25
2019-04-05 23:00,74,
2019-04-05 00:00,68,24
2019-04-06 01:00,62,30
2019-04-06 02:00,56,33
2019-04-06 03:00,48,39
2019-04-06 04:00,51,40
2019-04-06 05:00,62,45
2019-04-06 06:00,68,51
2019-04-06 07:00,66,53
2019-04-06 08:00,74,45
2019-04-06 09:00,78,43
2019-04-06 10:00,65,40
2019-04-06 11:00,61,32
2019-04-06 12:00,49,29
2019-04-06 13:00,73,24
2019-04-06 14:00,92,30
2019-04-06 15:00,78,22
2019-04-06 16:00,75,28
2019-04-06 17:00,81,34
2019-04-06 18:00,108,38
2019-04-06 19:00,117,50
2019-04-06 20:00,,53
2019-04-06 21:00,,55
2019-04-06 22:00,,49
2019-04-06 23:00,,
2019-04-06 00:00,,41
2019-04-07 01:00,,37
2019-04-07 02:00,,40
2019-04-07 03:00,,41
2019-04-07 04:00,,33
2019-04-07 05:00,,31
2019-04-07 06:00,,35
2019-04-07 07:00,,32
2019-04-07 08:00,,34
2019-04-07 09:00,,27
2019-04-07 10:00,,21
2019-04-07 11:00,,20
2019-04-07 12:00,,25
2019-04-07 13:00,,30
2019-04-07 14:00,,32
2019-04-07 15:00,,27
2019-04-07 16:00,,35
2019-04-07 17:00,,34
2019-04-07 18:00,,40
2019-04-07 19:00,,44
2019-04-07 20:00,,48
2019-04-07 21:00,,54
2019-04-07 22:00,,43
2019-04-07 23:00,,
2019-04-07 00:00,,31
2019-04-08 01:00,,37
2019-04-08 02:00,,42
2019-04-08 03:00,,44
2019-04-08 04:00,,
2019-04-08 05:00,,56
2019-04-08 06:00,,67
2019-04-08 07:00,,80
2019-04-08 08:00,,76
2019-04-08 09:00,,64
2019-04-08 10:00,,61
2019-04-08 11:00,,68
2019-04-08 12:00,,58
2019-04-08 13:00,,62
2019-04-08 14:00,,63
2019-04-08 15:00,,64
2019-04-08 16:00,,86
2019-04-08 17:00,,74
2019-04-08 18:00,,65
2019-04-08 19:00,,69
2019-04-08 20:00,,74
2019-04-08 21:00,,65
2019-04-08 22:00,,53
2019-04-08 23:00,,
2019-04-08 00:00,,51
2019-04-09 01:00,,50
2019-04-09 02:00,,56
2019-04-09 03:00,,54
2019-04-09 04:00,,55
2019-04-09 05:00,,60
2019-04-09 06:00,,75
2019-04-09 07:00,,85
2019-04-09 08:00,,80
2019-04-09 09:00,,
2019-04-09 10:00,,
2019-04-09 11:00,,69
2019-04-09 12:00,,71
2019-04-09 13:00,,69
2019-04-09 14:00,,68
2019-04-09 15:00,,67
2019-04-09 16:00,,83
2019-04-09 17:00,,83
2019-04-09 18:00,,66
2019-04-09 19:00,,70
2019-04-09 20:00,,73
2019-04-09 21:00,,64
2019-04-09 22:00,,63
2019-04-09 23:00,,
2019-04-09 00:00,,33
2019-04-10 01:00,,37
2019-04-10 02:00,,40
2019-04-10 03:00,,45
2019-04-10 04:00,,48
2019-04-10 05:00,,57
2019-04-10 06:00,,75
2019-04-10 07:00,,80
2019-04-10 08:00,,71
2019-04-10 09:00,,71
2019-04-10 10:00,,68
2019-04-10 11:00,,56
2019-04-10 12:00,,64
2019-04-10 13:00,,56
2019-04-10 14:00,,53
2019-04-10 15:00,,70
2019-04-10 16:00,,71
2019-04-10 17:00,,56
2019-04-10 18:00,,48
2019-04-10 19:00,,63
2019-04-10 20:00,,84
2019-04-10 21:00,,67
2019-04-10 22:00,,59
2019-04-10 23:00,,
2019-04-10 00:00,,34
2019-04-11 01:00,,33
2019-04-11 02:00,,48
2019-04-11 03:00,,49
2019-04-11 04:00,,51
2019-04-11 05:00,,
2019-04-11 06:00,,75
2019-04-11 07:00,,85
2019-04-11 08:00,,78
2019-04-11 09:00,,68
2019-04-11 10:00,,65
2019-04-11 11:00,,77
2019-04-11 12:00,,88
2019-04-11 13:00,,65
2019-04-11 14:00,,45
2019-04-11 15:00,,67
2019-04-11 16:00,,60
2019-04-11 17:00,,80
2019-04-11 18:00,,48
2019-04-11 19:00,,39
2019-04-11 20:00,,77
2019-04-11 21:00,,60
2019-04-11 22:00,,56
2019-04-11 23:00,,
2019-04-11 00:00,,41
2019-04-12 01:00,,34
2019-04-12 02:00,,36
2019-04-12 03:00,,35
2019-04-12 04:00,,33
2019-04-12 05:00,,39
2019-04-12 06:00,,41
2019-04-12 07:00,,40
2019-04-12 08:00,,35
2019-04-12 09:00,,31
2019-04-12 10:00,,32
2019-04-12 11:00,,23
2019-04-12 12:00,,29
2019-04-12 13:00,,26
2019-04-12 14:00,,33
2019-04-12 15:00,,17
2019-04-12 16:00,,17
2019-04-12 17:00,,19
2019-04-12 18:00,,20
2019-04-12 19:00,,33
2019-04-12 20:00,,55
2019-04-12 21:00,,47
2019-04-12 22:00,,43
2019-04-12 23:00,,
2019-04-12 00:00,,31
2019-04-13 01:00,,31
2019-04-13 02:00,,28
2019-04-13 03:00,,30
2019-04-13 04:00,,31
2019-04-13 05:00,,38
2019-04-13 06:00,,40
2019-04-13 07:00,,41
2019-04-13 08:00,,44
2019-04-13 09:00,,36
2019-04-13 10:00,,36
2019-04-13 11:00,,32
2019-04-13 12:00,,28
2019-04-13 13:00,,34
2019-04-13 14:00,,26
2019-04-13 15:00,,22
2019-04-13 16:00,,19
2019-04-13 17:00,,25
2019-04-13 18:00,,27
2019-04-13 19:00,,31
2019-04-13 20:00,,66
2019-04-13 21:00,,58
2019-04-13 22:00,,44
2019-04-13 23:00,,
2019-04-13 00:00,,30
2019-04-14 01:00,,31
2019-04-14 02:00,,
2019-04-14 03:00,,26
2019-04-14 04:00,,23
2019-04-14 05:00,,23
2019-04-14 06:00,,28
2019-04-14 07:00,,27
2019-04-14 08:00,,24
2019-04-14 09:00,,26
2019-04-14 10:00,,26
2019-04-14 11:00,,32
2019-04-14 12:00,,30
2019-04-14 13:00,,27
2019-04-14 14:00,,34
2019-04-14 15:00,,13
2019-04-14 16:00,,16
2019-04-14 17:00,,21
2019-04-14 18:00,,16
2019-04-14 19:00,,31
2019-04-14 20:00,,35
2019-04-14 21:00,,28
2019-04-14 22:00,,32
2019-04-14 23:00,,
2019-04-14 00:00,,42
2019-04-15 01:00,,39
2019-04-15 02:00,,23
2019-04-15 03:00,,19
2019-04-15 04:00,,20
2019-04-15 05:00,,23
2019-04-15 06:00,,27
2019-04-15 07:00,,25
2019-04-15 08:00,,23
2019-04-15 09:00,,23
2019-04-15 10:00,,15
2019-04-15 11:00,,6
2019-04-15 12:00,,8
2019-04-15 13:00,,8
2019-04-15 14:00,,10
2019-04-15 15:00,,10
2019-04-15 16:00,,10
2019-04-15 17:00,,9
2019-04-15 18:00,,10
2019-04-15 19:00,,10
2019-04-15 20:00,,9
2019-04-15 21:00,,9
2019-04-15 22:00,,13
2019-04-15 23:00,,
2019-04-15 00:00,,12
2019-04-16 01:00,,12
2019-04-16 02:00,,19
2019-04-16 03:00,,18
2019-04-16 04:00,,18
2019-04-16 05:00,,25
2019-04-16 06:00,,55
2019-04-16 07:00,,60
2019-04-16 08:00,,42
2019-04-16 09:00,,32
2019-04-16 10:00,,32
2019-04-16 11:00,,23
2019-04-16 12:00,,25
2019-04-16 13:00,,33
2019-04-16 14:00,,44
2019-04-16 15:00,,33
2019-04-16 16:00,,60
2019-04-16 17:00,,55
2019-04-16 18:00,,28
2019-04-16 19:00,,29
2019-04-16 20:00,,26
2019-04-16 21:00,,40
2019-04-16 22:00,,42
2019-04-16 23:00,,
2019-04-16 00:00,,53
2019-04-17 01:00,,35
2019-04-17 02:00,,35
2019-04-17 03:00,,
2019-04-17 04:00,,37
2019-04-17 05:00,,49
2019-04-17 06:00,,68
2019-04-17 07:00,,73
2019-04-17 08:00,,73
2019-04-17 09:00,,58
2019-04-17 10:00,,53
2019-04-17 11:00,,51
2019-04-17 12:00,,43
2019-04-17 13:00,,55
2019-04-17 14:00,,53
2019-04-17 15:00,,52
2019-04-17 16:00,,69
2019-04-17 17:00,,70
2019-04-17 18:00,,54
2019-04-17 19:00,,60
2019-04-17 20:00,,60
2019-04-17 21:00,,57
2019-04-17 22:00,,66
2019-04-17 23:00,,
2019-04-17 00:00,,42
2019-04-18 01:00,,39
2019-04-18 02:00,,41
2019-04-18 03:00,,42
2019-04-18 04:00,,51
2019-04-18 05:00,,59
2019-04-18 06:00,,70
2019-04-18 07:00,,78
2019-04-18 08:00,,68
2019-04-18 09:00,,60
2019-04-18 10:00,,62
2019-04-18 11:00,,64
2019-04-18 12:00,,62
2019-04-18 13:00,79,38
2019-04-18 14:00,86,36
2019-04-18 15:00,97,65
2019-04-18 16:00,93,71
2019-04-18 17:00,91,77
2019-04-18 18:00,90,57
2019-04-18 19:00,87,67
2019-04-18 20:00,100,74
2019-04-18 21:00,108,65
2019-04-18 22:00,110,50
2019-04-18 23:00,100,
2019-04-18 00:00,90,42
2019-04-19 01:00,82,38
2019-04-19 02:00,,52
2019-04-19 03:00,67,48
2019-04-19 04:00,71,52
2019-04-19 05:00,69,55
2019-04-19 06:00,70,69
2019-04-19 07:00,67,77
2019-04-19 08:00,58,70
2019-04-19 09:00,49,68
2019-04-19 10:00,36,68
2019-04-19 11:00,35,66
2019-04-19 12:00,35,65
2019-04-19 13:00,36,58
2019-04-19 14:00,37,51
2019-04-19 15:00,36,49
2019-04-19 16:00,48,61
2019-04-19 17:00,57,37
2019-04-19 18:00,65,34
2019-04-19 19:00,77,32
2019-04-19 20:00,79,62
2019-04-19 21:00,99,50
2019-04-19 22:00,124,53
2019-04-19 23:00,111,
2019-04-19 00:00,72,33
2019-04-20 01:00,64,38
2019-04-20 02:00,56,39
2019-04-20 03:00,,41
2019-04-20 04:00,60,
2019-04-20 05:00,59,46
2019-04-20 06:00,59,49
2019-04-20 07:00,62,50
2019-04-20 08:00,67,47
2019-04-20 09:00,71,45
2019-04-20 10:00,53,43
2019-04-20 11:00,47,40
2019-04-20 12:00,45,30
2019-04-20 13:00,53,36
2019-04-20 14:00,59,35
2019-04-20 15:00,53,30
2019-04-20 16:00,52,25
2019-04-20 17:00,64,14
2019-04-20 18:00,77,12
2019-04-20 19:00,91,16
2019-04-20 20:00,112,14
2019-04-20 21:00,112,12
2019-04-20 22:00,113,19
2019-04-20 23:00,116,
2019-04-20 00:00,108,14
2019-04-21 01:00,99,16
2019-04-21 02:00,85,17
2019-04-21 03:00,72,15
2019-04-21 04:00,71,16
2019-04-21 05:00,59,19
2019-04-21 06:00,54,27
2019-04-21 07:00,50,25
2019-04-21 08:00,57,23
2019-04-21 09:00,50,22
2019-04-21 10:00,47,18
2019-04-21 11:00,30,15
2019-04-21 12:00,41,13
2019-04-21 13:00,45,15
2019-04-21 14:00,40,14
2019-04-21 15:00,40,13
2019-04-21 16:00,44,17
2019-04-21 17:00,61,18
2019-04-21 18:00,76,21
2019-04-21 19:00,93,18
2019-04-21 20:00,109,20
2019-04-21 21:00,130,21
2019-04-21 22:00,116,12
2019-04-21 23:00,113,
2019-04-21 00:00,98,10
2019-04-22 01:00,90,9
2019-04-22 02:00,85,14
2019-04-22 03:00,84,11
2019-04-22 04:00,,16
2019-04-22 05:00,56,38
2019-04-22 06:00,64,71
2019-04-22 07:00,53,74
2019-04-22 08:00,59,56
2019-04-22 09:00,41,51
2019-04-22 10:00,43,43
2019-04-22 11:00,45,
2019-04-22 12:00,45,
2019-04-22 13:00,48,47
2019-04-22 14:00,49,51
2019-04-22 15:00,48,60
2019-04-22 16:00,59,75
2019-04-22 17:00,58,65
2019-04-22 18:00,71,50
2019-04-22 19:00,93,37
2019-04-22 20:00,104,34
2019-04-22 21:00,109,21
2019-04-22 22:00,104,17
2019-04-22 23:00,76,
2019-04-22 00:00,26,11
2019-04-23 01:00,22,9
2019-04-23 02:00,,12
2019-04-23 03:00,34,16
2019-04-23 04:00,47,19
2019-04-23 05:00,82,
2019-04-23 06:00,112,71
2019-04-23 07:00,115,82
2019-04-23 08:00,115,63
2019-04-23 09:00,104,54
2019-04-23 10:00,96,50
2019-04-23 11:00,92,53
2019-04-23 12:00,77,52
2019-04-23 13:00,69,58
2019-04-23 14:00,58,63
2019-04-23 15:00,48,82
2019-04-23 16:00,52,87
2019-04-23 17:00,94,78
2019-04-23 18:00,98,58
2019-04-23 19:00,92,40
2019-04-23 20:00,87,32
2019-04-23 21:00,74,21
2019-04-23 22:00,64,19
2019-04-23 23:00,59,
2019-04-23 00:00,62,13
2019-04-24 01:00,54,12
2019-04-24 02:00,43,20
2019-04-24 03:00,,16
2019-04-24 04:00,45,27
2019-04-24 05:00,67,57
2019-04-24 06:00,84,93
2019-04-24 07:00,86,94
2019-04-24 08:00,90,67
2019-04-24 09:00,96,51
2019-04-24 10:00,76,46
2019-04-24 11:00,44,51
2019-04-24 12:00,54,60
2019-04-24 13:00,79,59
2019-04-24 14:00,65,69
2019-04-24 15:00,78,66
2019-04-24 16:00,94,86
2019-04-24 17:00,76,83
2019-04-24 18:00,65,61
2019-04-24 19:00,15,50
2019-04-24 20:00,14,58
2019-04-24 21:00,31,46
2019-04-24 22:00,58,33
2019-04-24 23:00,45,
2019-04-24 00:00,28,18
2019-04-25 01:00,33,13
2019-04-25 02:00,36,23
2019-04-25 03:00,36,23
2019-04-25 04:00,,26
2019-04-25 05:00,76,49
2019-04-25 06:00,97,72
2019-04-25 07:00,99,89
2019-04-25 08:00,91,73
2019-04-25 09:00,89,59
2019-04-25 10:00,82,55
2019-04-25 11:00,82,56
2019-04-25 12:00,,57
2019-04-25 13:00,,61
2019-04-25 14:00,78,60
2019-04-25 15:00,82,84
2019-04-25 16:00,84,94
2019-04-25 17:00,82,93
2019-04-25 18:00,83,88
2019-04-25 19:00,80,60
2019-04-25 20:00,29,62
2019-04-25 21:00,13,48
2019-04-25 22:00,19,41
2019-04-25 23:00,19,
2019-04-25 00:00,15,32
2019-04-26 01:00,23,33
2019-04-26 02:00,20,
2019-04-26 03:00,14,46
2019-04-26 04:00,19,43
2019-04-26 05:00,,55
2019-04-26 06:00,75,75
2019-04-26 07:00,51,76
2019-04-26 08:00,56,68
2019-04-26 09:00,56,71
2019-04-26 10:00,59,73
2019-04-26 11:00,61,48
2019-04-26 12:00,60,41
2019-04-26 13:00,61,44
2019-04-26 14:00,54,29
2019-04-26 15:00,49,35
2019-04-26 16:00,44,28
2019-04-26 17:00,50,31
2019-04-26 18:00,53,26
2019-04-26 19:00,53,33
2019-04-26 20:00,58,51
2019-04-26 21:00,49,49
2019-04-26 22:00,34,41
2019-04-26 23:00,32,
2019-04-26 00:00,33,14
2019-04-27 01:00,28,18
2019-04-27 02:00,,22
2019-04-27 03:00,20,21
2019-04-27 04:00,24,24
2019-04-27 05:00,30,23
2019-04-27 06:00,30,38
2019-04-27 07:00,30,27
2019-04-27 08:00,31,23
2019-04-27 09:00,36,20
2019-04-27 10:00,27,17
2019-04-27 11:00,26,18
2019-04-27 12:00,33,26
2019-04-27 13:00,25,22
2019-04-27 14:00,28,22
2019-04-27 15:00,27,18
2019-04-27 16:00,23,22
2019-04-27 17:00,26,23
2019-04-27 18:00,31,14
2019-04-27 19:00,29,14
2019-04-27 20:00,35,22
2019-04-27 21:00,29,21
2019-04-27 22:00,43,29
2019-04-27 23:00,26,
2019-04-27 00:00,42,25
2019-04-28 01:00,31,25
2019-04-28 02:00,22,21
2019-04-28 03:00,,31
2019-04-28 04:00,19,30
2019-04-28 05:00,20,32
2019-04-28 06:00,26,25
2019-04-28 07:00,22,23
2019-04-28 08:00,23,24
2019-04-28 09:00,19,22
2019-04-28 10:00,33,18
2019-04-28 11:00,39,16
2019-04-28 12:00,46,15
2019-04-28 13:00,44,18
2019-04-28 14:00,58,22
2019-04-28 15:00,39,17
2019-04-28 16:00,44,16
2019-04-28 17:00,62,22
2019-04-28 18:00,42,27
2019-04-28 19:00,26,35
2019-04-28 20:00,43,37
2019-04-28 21:00,35,38
2019-04-28 22:00,38,43
2019-04-28 23:00,30,
2019-04-28 00:00,28,28
2019-04-29 01:00,31,12
2019-04-29 02:00,34,13
2019-04-29 03:00,33,
2019-04-29 04:00,35,25
2019-04-29 05:00,45,48
2019-04-29 06:00,53,72
2019-04-29 07:00,59,91
2019-04-29 08:00,66,87
2019-04-29 09:00,50,68
2019-04-29 10:00,52,49
2019-04-29 11:00,47,50
2019-04-29 12:00,48,49
2019-04-29 13:00,44,49
2019-04-29 14:00,37,46
2019-04-29 15:00,37,43
2019-04-29 16:00,45,44
2019-04-29 17:00,39,27
2019-04-29 18:00,40,28
2019-04-29 19:00,36,30
2019-04-29 20:00,38,47
2019-04-29 21:00,37,43
2019-04-29 22:00,28,36
2019-04-29 23:00,23,
2019-04-29 00:00,16,30
2019-04-30 01:00,13,27
2019-04-30 02:00,,29
2019-04-30 03:00,14,32
2019-04-30 04:00,20,38
2019-04-30 05:00,42,49
2019-04-30 06:00,49,67
2019-04-30 07:00,53,73
2019-04-30 08:00,45,69
2019-04-30 09:00,53,69
2019-04-30 10:00,62,60
2019-04-30 11:00,51,50
2019-04-30 12:00,47,42
2019-04-30 13:00,41,37
2019-04-30 14:00,42,41
2019-04-30 15:00,54,30
2019-04-30 16:00,82,42
2019-04-30 17:00,111,32
2019-04-30 18:00,110,26
2019-04-30 19:00,85,26
2019-04-30 20:00,90,32
2019-04-30 21:00,81,28
2019-04-30 22:00,78,26
2019-04-30 23:00,77,
2019-04-30 00:00,73,9
2019-05-01 01:00,64,11
2019-05-01 02:00,59,10
2019-05-01 03:00,52,7
2019-05-01 04:00,47,11
2019-05-01 05:00,41,23
2019-05-01 06:00,40,41
2019-05-01 07:00,40,45
2019-05-01 08:00,38,48
2019-05-01 09:00,36,34
2019-05-01 10:00,44,41
2019-05-01 11:00,40,33
2019-05-01 12:00,35,33
2019-05-01 13:00,24,39
2019-05-01 14:00,38,27
2019-05-01 15:00,38,19
2019-05-01 16:00,42,33
2019-05-01 17:00,45,34
2019-05-01 18:00,63,22
2019-05-01 19:00,72,16
2019-05-01 20:00,100,17
2019-05-01 21:00,84,14
2019-05-01 22:00,77,15
2019-05-01 23:00,71,15
2019-05-01 00:00,54,11
2019-05-02 01:00,51,12
2019-05-02 02:00,46,13
2019-05-02 03:00,53,10
2019-05-02 04:00,56,
2019-05-02 05:00,66,39
2019-05-02 06:00,72,61
2019-05-02 07:00,71,63
2019-05-02 08:00,71,51
2019-05-02 09:00,79,34
2019-05-02 10:00,83,33
2019-05-02 11:00,77,21
2019-05-02 12:00,55,31
2019-05-02 13:00,36,28
2019-05-02 14:00,40,30
2019-05-02 15:00,46,39
2019-05-02 16:00,46,46
2019-05-02 17:00,43,40
2019-05-02 18:00,46,27
2019-05-02 19:00,49,16
2019-05-02 20:00,42,10
2019-05-02 21:00,29,12
2019-05-02 22:00,23,12
2019-05-02 23:00,34,8
2019-05-02 00:00,25,11
2019-05-03 01:00,18,7
2019-05-03 02:00,15,6
2019-05-03 03:00,,5
2019-05-03 04:00,21,5
2019-05-03 05:00,39,9
2019-05-03 06:00,52,14
2019-05-03 07:00,52,9
2019-05-03 08:00,43,8
2019-05-03 09:00,59,5
2019-05-03 10:00,44,4
2019-05-03 11:00,43,7
2019-05-03 12:00,37,7
2019-05-03 13:00,48,6
2019-05-03 14:00,43,10
2019-05-03 15:00,39,6
2019-05-03 16:00,29,6
2019-05-03 17:00,28,11
2019-05-03 18:00,36,13
2019-05-03 19:00,35,17
2019-05-03 20:00,35,17
2019-05-03 21:00,58,15
2019-05-03 22:00,57,14
2019-05-03 23:00,54,11
2019-05-03 00:00,38,8
